country,isocode3,INTD_2013_ct_WHO,INTD_2019_ct_WHO,INTD_2012_ct_WHO,INTD_2011_ct_WHO,INTD_2021_ct_WHO,INTD_2017_ct_WHO,INTD_2022_ct_WHO,INTD_2023_ct_WHO,INTD_2016_ct_WHO,INTD_2020_ct_WHO,INTD_2014_ct_WHO,INTD_2010_ct_WHO,INTD_2015_ct_WHO,INTD_2018_ct_WHO
Afghanistan,AFG,13291651,16222053,14045789,12600642,14367281,14786722,14367281,16959219,13275429,14367281,13384908,12246738,13765392,14834701
Albania,ALB,55,9,53,53,21,22,0,3,21,6,33,61,16,47
Algeria,DZA,22713,10339,7471,11831,7083,13158,5780,7656,10752,11599,5460,10260,7561,10950
Angola,AGO,17149903,15362008,16421331,16066272,8558522,14739913,8672543,8789216,14419092,7698802,17666908,15879207,18534219,15220708
Argentina,ARG,9699,160777,938732,952894,151847,1592,1020,147183,80002,161306,3733,953102,5411,162233
Armenia,ARM,38697,18,42437,42243,11,39149,14,30,39149,70,38894,41986,39044,39149
Australia,AUS,144692,13700,60279,72560,18286,20123,3477,10441,20994,20401,54311,89732,17476,20123
Austria,AUT,74,36,5,7,42,130,54,54,118,34,94,31,65,46
Azerbaijan,AZE,345496,686000,1010915,1087125,0,1655112,0,0,1719031,686000,1678318,1080371,1699962,1655112
Bangladesh,BGD,80102840,56339394,99041038,103328969,56381566,56339394,53874746,57177911,47484224,56339394,49867142,102279713,49839493,56339394
Belarus,BLR,0,1,1,2,0,0,0,0,0,8,0,0,2,0
Belgium,BEL,167,50,6,1,34,51,55,61,20,54,109,1,9,42
Belize,BLZ,7565,3637,10514,10471,3104,6903,5080,1689,7312,1069,7062,10456,7300,1322
Bhutan,BTN,108115,229846,69535,69283,181040,234506,173578,173578,241761,229837,107846,69529,227111,222639
Bosnia and Herzegovina,BIH,1,0,0,0,0,0,0,0,0,0,2,1,0,0
Botswana,BWA,251555,238203,268521,266032,1430711,241157,1464410,685567,261950,1461240,252333,264669,257169,238203
Brazil,BRA,12001914,9560959,13260415,13137591,9710068,9411158,5245909,3102066,10461013,9629923,11528143,27000000,11067291,9489512
Brunei Darussalam,BRN,15000,0,15000,15000,2,2,0,1,9240,1,9239,15000,9239,1
Bulgaria,BGR,294,197,322,310,90,217,89,119,275,96,316,295,320,210
Cambodia,KHM,4347927,5068956,4134227,4517044,4500729,5298995,4830549,4716388,4771389,5194507,5550420,4533102,5610240,4182394
Cameroon,CMR,20442764,16891418,19647096,19339400,11465695,16222133,11290383,11963613,19389766,11348320,19433385,19286214,20630132,16537416
Canada,CAN,0,3,0,0,6,5,3,3,0,1,0,0,0,10
Central African Republic,CAF,4019436,4442825,4005821,4013319,6389657,3765243,6389657,6999367,3756993,4442825,4048943,3987855,4096089,3300000
Chile,CHL,45,437,125478,131544,208,444,2,7,44,228,30,132541,40,361
China,CHN,25822219,22844,25663107,25548140,816,26376326,1216,18225,26375574,825,25974569,52000000,26100630,26378300
Colombia,COL,4722564,3186736,4722872,4924261,3272079,3391009,3294657,3307872,3761361,3237824,4410048,4921126,3846506,3350646
Congo,COG,3523377,1407153,3404680,3249179,1486475,1285748,1508487,1543031,2278289,1438750,3567584,3223012,1346327,1323442
Costa Rica,CRI,51844,10011,49995,50827,5746,7794,7987,31336,24462,10590,28942,51178,18569,4017
Croatia,HRV,7,4,2,1,3,15,5,8,11,3,20,0,11,5
Denmark,DNK,0,0,0,0,0,0,0,0,0,0,0,0,0,0
Ecuador,ECU,193708,9608,321415,318717,21869,1848654,16933,28918,1942753,21011,1789316,340067,1943932,4351
El Salvador,SLV,849969,1443743,233387,238045,1483962,1411062,1335218,1475552,742568,1416732,821068,242858,702992,1443743
Equatorial Guinea,GNQ,464044,429326,463562,462546,668511,429326,668511,1046007,428948,429326,465031,461503,466357,429326
Eswatini,SWZ,591129,406184,577163,584020,406184,261261,247183,250978,198319,406184,597165,580187,331005,247084
Fiji,FJI,277616,919387,637852,529984,923067,911449,941528,523954,905113,921225,892573,879985,898821,917552
France,FRA,414,284,174,131,88,486,97,145,436,303,340,640,337,274
Gabon,GAB,1520924,937923,1462559,1451759,914073,694119,954330,978475,694499,870003,1534599,1444093,1560166,937923
Georgia,GEO,129,48,114,130,17,412310,1,31,412310,81,62,147,68,412310
Germany,DEU,1004,155,735,434,168,760,190,199,1129,178,751,712,867,189
Greece,GRC,88,32,71,60,29,106,5,52,93,46,103,41,88,65
Guatemala,GTM,3205688,4957871,3216909,3298737,4965477,4836947,753035,729890,3265661,5052069,3234783,2718785,3321447,4957871
Guyana,GUY,544676,685176,690869,690869,685968,730205,205594,206893,720459,685741,719455,690869,747901,719312
Honduras,HND,2646769,2214843,2621397,2612618,2363251,2726402,2216658,2208913,2752416,2210111,2663781,2601881,2399777,2721691
Hungary,HUN,15,10,9,13,7,19,9,19,29,4,8,16,14,9
India,IND,748197377,733660997,840500519,846009271,677290119,689741667,656757347,622238663,631095664,751758629,745451390,837413970,667768672,696937272
Indonesia,IDN,141350574,98728063,146815201,152147527,79889047,100463258,77918170,67464958,101813236,86492939,127886656,157192592,111437132,100847287
Italy,ITA,300,55,181,131,107,151,99,223,214,53,222,149,234,154
Japan,JPN,13,8,7,114,7,8,5,7,5,9,12,256,11,5
Kazakhstan,KAZ,14,58,17,36,0,8,0,0,185,664,14,8,25,40
Kenya,KEN,23545928,8321398,22763712,22415224,10649944,11626062,7842727,9778105,11770703,10597676,12283203,21811703,13642040,11645569
Kyrgyzstan,KGZ,107534,2169854,104587,104139,2169854,113625,2169854,2169854,113625,2169854,110086,103793,111901,113625
Lesotho,LSO,517058,382336,534996,529678,387421,387573,387421,387421,530557,387421,517202,530231,523534,382336
Luxembourg,LUX,0,1,0,2,1,2,1,3,1,3,0,3,0,0
Madagascar,MDG,19902970,21125732,20020745,19526890,21338435,20215764,22923380,21278009,18863123,21390404,20489741,19324091,21298533,20224527
Malawi,MWI,17247597,12393153,17100807,16258408,13100699,11771796,13317437,10944581,11435030,12761253,11081195,15182245,11426323,12423068
Malaysia,MYS,660208,127608,1266123,652692,26517,83042,64258,111680,120318,19110,176748,589140,174457,80807
Mexico,MEX,10282283,19900177,9777048,8885336,19825655,28886413,19950557,279519,9532039,20016375,10160220,8969431,9923501,19900177
Monaco,MCO,0,0,0,0,0,0,0,0,0,0,0,0,0,1
Mongolia,MNG,47,0,25,32,0,17,0,0,47,1,42,25,43,1810
Montenegro,MNE,5267,0,6272,6244,0,4,0,0,6,0,3,6309,5,0
Morocco,MAR,2741,5609,3034,4482,3229,6983,2364,2405,5069,3877,2792,8900,3027,12040
Mozambique,MOZ,22489106,21517399,21361840,21173259,23902902,23455303,24148567,23744174,23920538,22969482,22814191,20995373,23150013,23023478
Myanmar,MMR,43072246,23748613,43673271,44558743,24075083,37482211,23816776,19836694,39343021,23748613,40774983,48309747,41292086,41778536
Namibia,NAM,1040483,387146.6,1044687,1010305,387147,382721,387147,387962,382721,387146.6,1048837,999049,382721,382721
Nepal,NPL,23979335,14118850,20852506,26975315,13163981,16062081,14625228,14786109,17552881,13519533,21348508,26834231,18850311,14520580
Nicaragua,NIC,1178283,1611101,1846947,1861892,1335721,1614121,1592034,1892977,926646,1595366,1175728,1866501,933780,1611101
Nigeria,NGA,147555654,134545208,139891007,135828252,139910337,133972724,138928998,92474258,128936746,136378141,140377288,122768724,140541791,131361930
North Macedonia,MKD,22983,0,19611,19742,0,9,0,0,5,0,11,20145,4,12
Pakistan,PAK,30292389,25234450,31511018,69714319,25234450,31683212,27745571,27745571,31683212,25234450,30418380,69714319,31056287,31683212
Panama,PAN,419689,51175,413140,428668,62635,436029,59848,58388,453129,64414,392717,426760,437597,50833
Papua New Guinea,PNG,6252956,6982087,6205145,6167038,7046178,6546649,7328058,7465549,6528722,6982087,6301846,6113938,6425746,6261977
Paraguay,PRY,454727,1974836,892188,926211,2085302,1974853,1821286,2087033,790833,1999482,804269,922422,795686,1974836
Peru,PER,3008028,342185,3003504,3463562,384895,2679217,429672,420150,2814779,359011,2985116,3470149,2831613,346737
Philippines,PHL,44946508,47496283,51303271,49871718,47533799,49143290,50532822,49499441,49110117,48539291,44676210,52756155,43430927,47078380
Poland,POL,52,70,33,24,26,87,46,66,105,18,63,42,59,51
Portugal,PRT,12,13,8,17,5,19,3,8,28,4,13,35,29,23
Romania,ROU,61,1,100,837232,1,24,4,38,24,0,37,843154,26,4
Russian Federation,RUS,15,7,4,9,0,3,0,1,8,280,7,15,9,5
Rwanda,RWA,4946783,5015979,4721856,4395476,6184262,5328513,7788142,7905114,5190529,5011488,4148673,4270858,5065110,4717934
Serbia,SRB,25617,0,92677,93503,0,0,0,0,0,0,0,93886,0,0
Singapore,SGP,20690,15998,4078,5341,5268,2695,31897,9939,13098,35315,17996,5375,10473,6
Slovakia,SVK,24,11,6,2,2,7,6,10,8,3,8,9,7,10
Slovenia,SVN,14,7,16,16,11,13,5,16,9,4,7,16,10,6
Solomon Islands,SLB,487695,493611,404985,194300,598343,530022,610310,722398,518106,503483,522826,191840,534850,542215
Somalia,SOM,4766354,2286299,4259261,4166609,3698691,2532411,3397851,3780177,5163752,3698691,4890603,4061459,5015936,2286299
South Africa,ZAF,6585451,18807465,6164232,6171372,16502598,19334622,14493252,14069347,6784419,16502598,6632628,6144429,6696701,18807465
South Sudan,SSD,9050474,8472338,5707037,2559354,8758494,9500223,9209212,9622332,9991337,8571203,9320607,5263538,9706562,7467149
Spain,ESP,370,199,327,298,132,604,82,180,721,104,277,255,299,187
Suriname,SUR,428,241,1284,450,170,54467,40,369,58237,621,51357,432,56918,265
Sweden,SWE,236,72,191,118,42,152,37,48,252,40,140,30,185,65
Switzerland,CHE,0,0,1,0,0,0,36,39,0,0,0,0,0,0
Thailand,THA,154968,129105,79824,83105,7248,53368,46831,159310,64109,50134,41298,117369,145147,55094
Timor-Leste,TLS,1102227,1327038,1211898,1128972,464413,1279948,438316,438316,1167125,1361778,1108101,1101449,1170044,1293316
Tunisia,TUN,200856,7087,277152,264843,2746,4928,3310,3619,6087,4902,3415,265913,6648,7490
Uganda,UGA,26134080,24639995,24988968,24551372,25961432,22879141,26788567,21730370,23486474,21944652,25343585,24395478,23239105,21407858
Ukraine,UKR,2,2,4,7,0,1,5,3,5,17,5,4,2,0
Zambia,ZMB,11266749,12032435,10978024,10850875,13185586,12635340,6565157,8176759,11573334,12810245,11462039,10713944,11830416,12032435
Zimbabwe,ZWE,6958826,10660813,6496297,6472357,8147168,10660813,8352700,8352700,9958235,8029929,7044667,6437391,10346543,10660813
