country,isocode3,MM_2008_rto_WHO,MM_2001_rto_WHO,MM_2009_rto_WHO,MM_2017_rto_WHO,MM_2013_rto_WHO,MM_1988_rto_WHO,MM_2016_rto_WHO,MM_1990_rto_WHO,MM_2000_rto_WHO,MM_2023_rto_WHO,MM_2014_rto_WHO,MM_2005_rto_WHO,MM_2019_rto_WHO,MM_2010_rto_WHO,MM_2006_rto_WHO,MM_2015_rto_WHO,MM_1999_rto_WHO,MM_1993_rto_WHO,MM_2021_rto_WHO,MM_2018_rto_WHO,MM_1994_rto_WHO,MM_1989_rto_WHO,MM_1996_rto_WHO,MM_1992_rto_WHO,MM_2007_rto_WHO,MM_1997_rto_WHO,MM_1986_rto_WHO,MM_2011_rto_WHO,MM_2004_rto_WHO,MM_1995_rto_WHO,MM_2002_rto_WHO,MM_1991_rto_WHO,MM_1985_rto_WHO,MM_2012_rto_WHO,MM_2020_rto_WHO,MM_2022_rto_WHO,MM_2003_rto_WHO,MM_1998_rto_WHO,MM_1987_rto_WHO
Afghanistan,AFG,955.2373281,1310.954923,925.4222917,658.5652828,778.4308657,1571.692582,702.2406141,1549.998624,1371.645908,520.5022864,754.5868369,1108.05603,601.0600766,892.7351444,1069.436333,741.1936414,1346.174482,1346.506432,660.2219088,629.2391585,1395.918586,1520.027486,1389.40267,1443.339968,1032.007881,1375.644881,1856.920758,838.23551869999994,1166.469374,1413.953571,1262.516681,1534.464445,2231.506208,809.7532045,633.6187131,550.731835,1201.38145,1463.575532,1820.591314
Albania,ALB,9.739621599,14.4295666,9.4136967,7.853670701,9.936336943,31.95795942,8.474855766,29.51206216,15.4198653,6.86681461,9.713074758,12.19078709,7.109886363,9.366513137,11.41079466,9.139483991,16.54762283,23.67204824,13.80074386,7.376224284,22.23483246,30.88055562,19.92865281,25.79019188,10.43994166,20.70723912,35.17040693,9.451179409,12.8660531,20.89407905,13.78387477,27.59026448,37.99778229,9.795039287,7.033476047,7.99804587,13.41151553,17.73772083,33.15333393
Algeria,DZA,83.32107118,113.3893905,82.62749882,77.33012671,80.59615849,227.227007,78.69241,201.6196524,122.6197065,62.48508507,80.466736,86.94945789,73.17388753,81.88519636,84.47351062,79.48452305,131.9041068,195.3736074,78.85966617,75.4322399,196.3441569,214.9096594,173.2306631,193.1517578,83.49241987,155.4171755,265.328089,80.71157855,90.71182882,187.1845417,102.0659755,197.9858131,291.7664343,81.08458935,96.77084703,64.45587535,101.0072426,142.567098,242.9835835
Angola,AGO,372.2048971,628.606353,348.0829497,220.3095473,266.7850365,895.3350855,235.6878204,875.5935282,659.3351884,183.2019263,261.7348521,461.9025905,201.5926827,321.4337389,437.16848,249.3749766,686.6371596,855.0434162,210.5683328,208.382423,811.8619249,883.8661273,746.5831648,876.9939404,401.2986412,717.1285446,864.250694,300.586423,498.9089688,771.7137319,602.3700556,826.3467469,876.5891097,277.7975873,194.8259598,184.5930974,538.0167748,723.311262,919.5930558
Argentina,ARG,59.32072768,60.25133472,62.10811691,38.34256564,46.72781163,70.37779839,39.51279922,67.59089446,57.80833594,33.2281392,43.45149801,57.45685497,36.41050684,54.74271784,60.0439728,38.61611031,57.04255898,61.59898279,76.48617561,38.48332942,61.51790492,67.61405585,58.75441716,64.73672192,61.74070122,59.62036567,76.41929364,48.47360795,58.43938382,59.9858825,59.15006131,66.57681611,79.58969007,49.27161601,39.67995674,39.32266505,60.9326804,56.66149129,73.2558027
Armenia,ARM,29.494744,37.73873779,28.72849974,23.94324106,26.0199263,54.80166295,24.5908302,47.14286354,39.56807124,19.48496158,25.5449817,32.2946841,23.26512572,27.84729851,31.03774523,25.04951738,41.77620629,49.76814243,57.30209929,23.58584654,50.50321462,46.40997155,49.38701931,49.82486551,30.26684418,47.56590153,53.52333131,27.24706844,33.69224323,50.1139975,36.14440829,46.97632277,54.83627993,26.57140721,43.30131746,26.7342211,34.86200384,44.97422097,51.58156467
Australia,AUS,4.956033776,5.806005485,5.344341139,5.628509571,5.896634018,8.765621822,5.928922082,8.757759736,6.615894683,2.332995566,5.978974604,4.825447431,5.293545524,5.395861133,4.910580817,5.90066291,7.095946138,8.698872744,4.325178745,5.353110927,8.79118789,8.99550124,8.042411402,8.874564733,5.052105545,7.957327922,8.49084492,5.821102393,5.130001635,8.517914299,5.513234469,8.930135134,8.773971826,5.809954622,5.138639481,3.595333967,5.435313943,7.437136472,8.700530976
Austria,AUT,5.535117003,6.160695651,5.895548546,6.294112825,6.088971128,12.85622385,6.486709795,11.65969141,6.665353712,6.104359857,6.52484725,5.938012275,6.606055138,6.10540285,5.620922618,6.571350542,6.870002356,10.12321585,5.962358426,6.930696284,9.771193575,12.30305369,8.10202582,10.47917098,5.669461391,7.156994899,14.10932099,6.218460226,5.583304804,8.69909396,6.145526139,11.15983503,13.85919092,5.985591988,5.552341512,7.450681009,6.253096073,6.666068695,13.00533986
Azerbaijan,AZE,30.28849413,45.08674657,29.2675292,21.88029327,23.86968697,45.35861951,22.33863649,41.17637958,46.17344277,17.89597053,22.71932245,39.74410848,21.02195525,28.32534197,33.47457867,21.41092093,50.94330398,54.22772558,54.79307423,20.69599771,58.20765916,43.10792709,57.8336628,56.12478252,33.14765985,59.22004836,48.23520746,27.49895767,39.64947489,63.55856954,40.4001543,43.30567163,45.49995052,28.09555776,21.09161231,31.7196286,41.31087553,54.25634553,44.83696575
Bangladesh,BGD,310.0428781,494.798851,292.7508784,179.041196,230.4086928,881.1076163,191.0299516,870.4179371,522.6529523,115.1149324,216.7063553,377.5322521,157.2116625,274.6342259,352.3234485,203.5367467,554.4972256,790.5457894,193.8906671,167.9323727,748.8188729,876.6920655,663.6775886,826.7405676,334.0855608,625.6421549,890.9494495,258.3330195,406.0547828,706.6702592,465.2857233,889.9382426,925.5020593,244.1808988,151.8462478,130.5189733,435.6746223,589.2030094,883.9517054
Belarus,BLR,4.369463063,17.85119917,3.548492275,1.230981852,1.807594281,32.00359744,1.301428393,33.04147194,20.23215908,1.095984376,1.634857177,9.413746475,1.202704766,2.984043648,7.325055758,1.45717028,22.88684569,31.03762467,1.830647663,1.208745919,30.2787515,32.85707158,27.98228553,31.73709795,5.570585783,26.50038365,29.93534927,2.457599184,11.57721233,28.74259844,15.67457895,32.2832502,29.54684444,2.096345348,1.695566734,1.091314101,13.82164099,25.33348622,29.8996417
Belgium,BEL,6.352835952,7.642814745,6.255525024,4.732783542,5.521735413,8.649378412,4.835041322,8.992897676,8.017304448,3.843508247,5.205384012,6.626092998,4.32072876,6.145077771,6.440616583,5.068590876,7.886900406,8.756800525,7.336515867,4.677602207,8.850271434,8.710544968,8.800436795,8.965595329,6.737012927,8.374191308,8.848808931,5.857665324,6.644572712,8.948057556,7.278691549,8.815754688,8.871754124,5.331919068,4.151799834,10.76051149,6.919716744,8.313221212,8.750212233
Belize,BLZ,47.78540401,76.22193843,44.53122528,55.84857274,41.36255847,82.21504315,51.40327718,76.9951076,78.1283397,66.80086902,43.66217071,60.07114127,61.29752076,40.8892212,55.36324121,47.15458394,77.10343816,72.7077968,156.6358473,59.9734234,72.27909203,79.89370756,74.46520063,73.81684536,51.57971513,76.74735491,87.01665172,39.26564551,62.76014651,72.80246092,68.21414446,75.1453744,98.05279006,40.26288474,88.48716834,109.6340546,66.7650926,78.71096468,83.38834078
Bhutan,BTN,132.6520815,285.5867273,121.2292733,58.40546491,79.20377145,797.999258,63.31074206,703.9035913,323.7173519,46.64777161,73.3785391,186.4620902,52.33696985,106.5516301,166.6717171,68.354843,346.0929359,577.7451092,49.92042242,55.23221629,543.6223493,747.4961081,450.2102419,656.480399,148.955058,415.474085,910.5504883,95.77047334,207.1775324,498.1635708,256.5561995,670.5696954,968.6440419,85.98676745,51.35272887,48.56862902,229.250353,378.2108502,856.8943599
Bosnia and Herzegovina,BIH,8.25116675,10.75985924,7.829718848,6.573039852,6.7727442,29.2696484,6.526473156,24.58003919,11.49711618,6.173997988,6.751550928,9.272948489,6.400332667,7.542739247,8.837720342,6.661191334,12.67647,25.78227028,12.68645663,6.814810929,21.95935519,26.26466188,16.66582415,30.46221684,8.509666771,15.74718287,32.67694029,7.074261163,9.564632221,18.90484154,10.1616834,22.97703093,34.62226485,6.824018664,7.411216155,11.79462187,9.884289035,14.19738694,31.30544091
Botswana,BWA,198.7261855,137.9404942,212.6686549,46.25715424,221.2480601,318.9119477,72.26346162,296.2211954,135.6640021,155.0985471,211.5097733,166.2855662,100.1077922,228.4342289,204.1794235,140.5331074,131.0600521,229.8351059,165.4448813,99.17532301,182.419249,300.432502,129.8441406,262.8900307,201.2441642,123.1501961,304.3249469,269.0407241,151.2597185,148.3577326,139.7492744,282.6495589,312.8638985,288.0631502,97.80308548,120.4160462,142.4809179,125.5914866,301.804107
Brazil,BRA,71.39691466,66.43235075,69.12704959,61.02472942,61.03989038,161.4065217,63.64146211,139.7694991,68.64622899,66.91036058,63.39031596,71.49637899,64.6329767,65.95195813,72.18568475,62.9587639,75.23607253,112.8028941,127.9902622,62.3322043,108.0089128,150.123642,97.62692324,117.7569602,72.50563494,92.46525383,175.6490032,61.86483883,69.5802406,103.2670869,65.96649073,128.0645274,185.6674798,59.7318551,84.8816635,103.9680914,67.03580722,83.88052099,167.3124606
Brunei Darussalam,BRN,40.41778024,46.26508478,39.84770582,39.32674345,39.74805054,72.69748106,39.37674796,67.67058675,47.96569424,36.3540464,39.61760828,42.54341805,38.47599711,39.5138867,41.8658974,39.49277928,49.50078744,59.30275206,43.84470643,39.2192092,58.01509215,71.36730781,53.62373661,62.38197913,40.9144204,52.0172667,77.78794408,39.7084355,43.52846382,55.26270829,45.96353533,65.35035243,79.40361367,40.04251999,38.51055345,88.1514854,44.94776709,50.60880284,75.21771071
Bulgaria,BGR,9.702992688,17.13902575,9.237289688,6.723597097,7.145453742,25.56277079,6.925176802,26.67753534,18.9128854,5.55967365,7.341926899,12.7035669,6.350297604,9.052172506,11.57520791,7.255509658,20.46486966,23.44448162,9.268241285,6.687765252,24.64617232,25.44244636,22.40200187,25.28262232,10.55346662,23.34327528,24.57892205,8.336083868,13.52404281,22.9971658,15.16692396,24.91141348,25.6359497,7.425169684,8.739018814,9.655885867,14.07301875,20.37691791,24.61368378
Cambodia,KHM,271.8232049,437.2086199,251.2029402,154.6800766,181.8645322,742.1283114,159.1750488,681.4396879,476.0201603,137.3894187,171.9225379,322.6841196,148.8464661,234.1225532,302.5515497,165.778236,517.2567606,680.1860567,188.8152528,151.1948181,665.3267685,702.1738508,622.1395839,667.2366833,290.0233857,580.4583632,824.0737086,214.2547115,343.9954379,641.5415381,398.7261818,680.5910645,873.6552709,196.7638458,163.9764828,158.5692006,365.5351875,557.325796,771.745891
Cameroon,CMR,591.6683435,672.3946855,579.4864175,372.2009155,468.7979589,558.5191854,393.3405701,570.0600746,678.044001,258.2253997,439.8155217,628.5540316,335.9672335,561.8184479,615.2239173,417.2847152,672.4801118,606.2792337,342.2146842,354.3972052,628.0910449,563.7165256,648.4639371,594.8515875,604.7944137,651.9659518,579.234778,540.6160964,633.3312453,640.5628465,658.2593329,583.5906784,572.4376893,499.8488483,315.5090812,275.9929888,644.7839269,665.7389901,556.567142
Canada,CAN,11.89834563,9.543357826,12.05524387,12.26457666,11.1419004,7.178832414,12.00389721,7.465402013,8.987356264,11.78478665,11.5108646,11.17144004,12.26644467,11.38250298,11.20822066,11.31237425,8.825405162,8.03341083,13.58173958,12.58051758,7.997464015,7.59158518,8.559556647,7.769281392,11.39831924,8.411388415,7.213071858,11.3317129,10.34215741,8.266000216,9.963341791,7.712635851,7.250724742,11.46628415,16.65173521,14.63701438,10.26440152,8.563356346,7.048057276
Central African Republic,CAF,1233.969203,1503.944962,1271.635354,1093.459685,1091.691099,815.219853,962.4714599,866.3439811,1489.749136,691.7425122,1034.404217,1388.772334,1650.18956,1230.085929,1336.845604,980.5402423,1411.349233,996.6901331,1127.064894,881.3482544,1053.224696,835.1221631,1190.939313,955.8298987,1271.238839,1270.250056,794.7096929,1131.479738,1449.506959,1123.44697,1495.715664,909.5245205,795.5716486,1092.497105,1296.178864,840.8235124,1487.440771,1346.191516,803.1050813
Chile,CHL,24.40544266,31.57899236,23.90557451,12.10445704,16.94690696,64.07322611,13.16912109,56.29719202,32.94284347,9.88496755,15.74870478,27.48591379,11.09543738,21.70380587,26.75997964,14.44723474,34.56842468,49.27216071,14.38931307,11.39816127,46.70855543,61.50738186,40.72130732,51.65893852,25.68844027,38.52560081,69.73459176,19.96513498,28.097021989999998,44.284943,30.39743638,53.8727045,72.6764032,18.38320263,12.30187177,11.70959611,29.27009146,36.28582034,67.26693439
China,CHN,37.96963909,52.38762467,34.66524566,23.68368781,29.78556947,107.6169217,24.77920025,101.611953,55.67273811,16.25106524,28.11472953,41.97075905,21.08059247,33.65973173,39.61522002,26.14898373,57.59305409,80.21097472,20.93228842,21.95719093,76.27091449,103.5519367,66.74236475,86.14142682,37.58134353,63.07218063,119.6956936,32.50723581,44.65178469,71.0436175,49.76936749,92.13046329,125.3739846,31.70615084,19.82301299,18.29682024,47.0546958,60.1366759,114.2537607
Colombia,COL,78.15605336,93.80357356,76.84697893,68.04436419,71.75142039,112.7569107,68.821241,102.1255385,95.11150983,59.38165757,70.72658905,81.61559886,66.19187022,76.38048537,80.6307628,70.25704687,95.95151724,94.27000845,146.657784,67.33790224,92.6060533,105.5333413,89.48691981,97.11363413,79.83738788,90.30121998,122.552339,75.07367669,84.15007841,90.60015486,91.27231288,98.85659251,142.6357039,72.96662084,93.67608059,74.34446957,86.76869814,92.02026092,119.8385558
Congo,COG,394.6089974,488.9597685,414.184664,262.0585441,320.2702011,509.87622,262.7421392,504.8713536,509.496747,241.0887523,302.3386732,385.000897,245.2589583,382.4591632,393.7057254,284.0717281,554.3802174,540.8984622,301.3650767,259.0460773,550.8424291,506.0564164,545.2798297,531.452259,370.4433557,650.3843343,534.9314619,378.101483,399.8840746,551.13739639999994,464.4286222,514.3886599,546.4004822,374.2399945,247.2233339,240.8024069,435.5196255,597.1917805,519.2910381
Costa Rica,CRI,29.95249542,35.31408217,28.97738944,26.99786603,26.58293211,40.39527236,27.03126301,40.04893474,35.52166953,24.11979648,26.57138846,31.199511,25.72864644,28.84048212,30.09629971,25.54293369,35.87492241,38.79720271,43.94856338,28.37407751,38.6407826,40.22961083,38.88068856,38.62502544,30.31843259,37.78911461,42.42851249,28.43680565,32.85540094,38.63025422,33.98609511,39.39283847,42.54834328,27.46543667,34.08731248,27.41604073,33.2232685,37.18113801,41.08587657
Croatia,HRV,6.103225793,7.445577996,5.860010253,3.584092271,4.572931983,9.522349997,3.71811679,9.642177839,7.56470165,3.047709557,4.388233666,6.840055485,3.514088393,5.554882988,6.446404302,3.944803262,7.991969875,9.381867518,12.31916311,3.316537819,9.109659008,9.198062522,9.163707797,9.831211716,6.261743102,9.159288707,9.971487429,5.218373856,7.079728947,9.458183124,7.341824976,10.07711472,10.00237102,4.967401252,5.204592663,5.537338771,7.6935402,8.432815439,9.801785685
Denmark,DNK,7.318658854,8.770200591,7.014301043,4.654745023,5.355500369,12.60404845,5.172057972,12.16860215,8.812688133,3.665751498,5.41019681,7.50337603,4.233266515,6.658385189,7.215119722,5.00721527,9.467785223,11.82926632,7.654625359,4.680113579,11.87116537,12.79721374,10.89958141,12.02795424,7.486250234,10.48266876,12.13085889,6.251914707,8.077527385,11.92845943,8.677080962,11.94694364,12.15856362,5.781131146,4.083590685,5.564974798,8.302148648,9.301023565,11.82249016
Ecuador,ECU,83.24401387,116.1808947,81.52688233,61.50861048,68.12780766,166.4021677,64.70521491,168.3143555,122.7378365,55.37107404,64.8826851,93.50637084,61.52597536,79.70975285,90.02558131,64.22836485,128.2882108,167.7408469,93.37070276,60.93285413,155.1918408,165.6311107,137.9137285,172.3757509,85.85287398,134.6591208,180.5693124,76.62996351,96.85289401,146.3545668,109.3165453,177.0229069,188.1410678,72.43838552,91.49858295,68.72915813,101.786017,131.3849264,130.5396456
El Salvador,SLV,33.20441169,45.28337105,34.55275156,43.87454062,38.73457357,173.2454564,43.40185821,144.5097457,47.69611932,39.10833998,40.74636695,33.77924391,40.28957283,34.32536605,33.1305184,42.94737532,53.0432635,114.0945054,58.4776341,42.82343646,101.3751882,155.2499915,78.27014487,121.2041524,33.18813179,67.0920674,169.102254,35.43196678,34.61605431,89.27800834,39.86729545,129.1264191,193.1096218,36.24238494,48.01989016,38.76226035,37.74841066,61.27927028,177.8955921
Equatorial Guinea,GNQ,275.7745083,388.027341,266.8786983,211.6428807,235.7469643,675.3973261,216.2861384,688.6939665,405.6240963,173.6629385,227.1471875,312.1375059,198.0048415,259.360087,298.900018,222.2084289,442.1246248,668.273574,201.7265491,204.0132509,638.8650888,688.0411879,543.6466541,682.372862,288.9155838,507.0609294,665.5659626,253.7983761,322.8042049,586.9696276,364.3690624,687.927769,658.2423262,244.7133898,195.6072387,183.1032543,342.8950891,476.2263335,671.6684345
Eswatini,SWZ,766.128819,306.5845361,855.1832336,151.4230312,491.4062818,493.5215736,212.8734634,520.3062624,360.7371594,117.9301557,368.8472003,528.8265571,96.2412409,752.1108817,511.2774385,282.9534519,408.9917566,609.4074329,219.3369073,132.6090441,645.1434846,504.8971507,604.1302671,579.6214406,646.8141573,549.9002122,547.5108189,765.0727072,450.9201969,611.9248417,331.2664548,544.7793236,579.6523689,612.6885032,102.2562364,111.5081495,392.1844938,474.6408965,520.952704
Fiji,FJI,42.24973271,45.87703425,41.30509599,34.18855639,39.88123347,70.90989444,37.5550312,70.01377217,47.04705647,30.2356932,37.60074223,44.46596061,33.90994674,39.72919815,43.34433706,37.08207881,46.20790015,61.74329042,67.87552022,34.53254302,57.90174446,69.58510844,53.2454509,64.15931242,42.95332194,51.43495818,75.81185194,38.82270272,45.95182969,55.49598713,48.08153318,67.27525016,78.45585085,41.64185921,33.50769898,31.69342739,47.13741261,48.61352778,74.2055915
France,FRA,9.603141438,9.297989514,9.732630086,8.454889561,8.882489221,18.82867774,8.758617647,17.74163176,9.427022474,7.304546466,8.815784781,9.166544665,8.363642363,9.432145392,9.30639928,8.775810838,9.939880539,16.48786918,8.788716834,8.588419484,15.28352887,18.6287572,13.14208046,17.17763175,9.301703953,11.41728652,19.75383395,9.274750623,9.075664048,14.69625641,9.280669439,17.68268699,20.19783525,9.081494988,8.889553872,8.704690658,9.236964373,10.49818249,18.94579811
Gabon,GAB,157.7131659,159.5487165,157.9239689,184.1248103,234.6347839,367.1420313,214.8236229,368.3131865,178.1130177,232.660417,273.1810341,175.2275925,179.3605971,144.2495194,185.7779007,239.1396228,216.2927265,364.3990562,249.4844045,175.7812176,357.2599341,366.1304625,321.2841657,371.4000208,172.900032,289.8494649,369.4892261,148.5494007,142.4861764,341.3319416,150.8267546,369.3221869,372.6399071,172.5830483,193.8347383,215.844637,133.841085,258.1002277,365.663468
Georgia,GEO,54.00804934,44.61956926,55.82011792,26.86178653,33.7315319,33.25334172,27.94437525,33.68389221,42.58235094,19.69184694,31.82240603,53.46321963,22.25717497,40.55389197,44.9453901,29.60027751,41.42765951,40.48209766,59.87913878,24.35444787,40.03904081,35.87594576,35.24949328,37.78152249,51.54719554,44.520743,34.04044696,37.03695247,42.77224211,41.38990715,45.84682355,36.05433318,34.17254257,34.87829971,29.7216264,21.92826493,41.68641428,42.98369829,32.37371055
Germany,DEU,5.528329991,6.315576622,5.50565814,4.207001861,4.878530985,12.71366786,4.435974741,11.67303128,6.731067852,3.620224929,4.526081327,5.67328712,3.965850897,5.389250791,5.600250453,4.533928448,7.034255295,9.413615829,4.45640829,4.2070268220000004,8.64188044,11.99933681,8.279550784,9.893372344,5.498463341,7.807602938,13.58815616,5.211129737,5.781055043,8.386335224,6.206043214,10.78415439,13.9005679,4.941856577,4.23312966,4.030727833,5.981987723,7.386813366,12.96330891
Greece,GRC,3.243182651,3.290640007,3.302383898,5.235466186,3.950593866,7.402774906,4.920995243,6.580168931,3.550956743,4.788553113,4.250092215,2.980808545,5.216193523,3.509013667,3.086818521,4.770334547,3.723477944,5.39874596,8.664902567,5.057689933,5.009005693,7.020050811,4.339832289,5.891979069,3.229238248,3.998578029,8.346819604,3.629538879,3.07592233,4.72117726,3.210713947,6.16751255,9.019526624,3.989456603,7.197333397,9.88699353,3.187381306,3.874254815,8.563560808
Guatemala,GTM,133.3875375,162.13814730000001,130.4730468,106.9378272,111.2299675,272.9915854,110.1090281,270.1628966,165.8101244,93.71638557,110.5808892,152.8518229,106.1547783,126.9909555,141.7435046,111.9959,173.9148293,262.2101082,125.2700841,107.1139025,243.6128506,271.2794145,212.6911507,269.3210234,135.0158609,198.4047051,286.4826092,120.0270361,148.0470644,229.4705411,153.3886125,268.4583944,300.7682824,114.712971,102.4683003,96.56929742,149.6091265,185.4818291,277.2448303
Guyana,GUY,152.9340683,162.7784293,146.3150294,109.8679321,128.1659439,229.6718402,114.1220489,224.3866656,170.5512314,74.73033016,120.5850946,166.4021452,106.9432745,140.9824493,166.5012941,117.1701444,177.5386672,204.9607185,188.9982857,105.1236936,203.5351251,227.3857992,202.236589,208.3323443,157.522497,195.1616135,237.8307134,135.1640516,162.3117948,207.3890214,164.2643875,218.5362371,240.6010556,132.9805374,108.5603897,82.96077088,163.6638122,183.9591975,233.5002444
Honduras,HND,71.75467517,77.71595433,70.89230606,52.96214035,61.85652144,176.5348589,54.65124383,158.6869942,81.6586904,46.74992481,59.71336596,73.47600319,51.12075399,71.62102965,72.25393341,57.10411542,85.8589309,127.7029161,88.24589946,51.75144136,118.5594466,169.0633868,101.3381065,138.4219947,72.10543553,95.56737038,191.3318433,67.5381676,74.29204147,108.9855437,75.36672388,148.2201029,198.9070401,64.36368046,57.15551802,48.0866681,75.22646705,91.06697756,183.1576903
Hungary,HUN,13.13201069,12.99142553,13.2932269,13.70126493,13.24234662,23.64824713,13.31010783,24.6962127,13.82028085,11.65266404,13.43353596,12.69445739,13.10517965,12.83221693,12.41964831,13.49472223,14.94355738,23.23871719,29.67370586,13.70038752,20.87644352,24.74158925,16.98529971,23.58029147,13.43133956,16.08951484,25.513249,13.51042887,12.29206209,19.30980945,13.08633644,23.68266838,25.72006813,13.2153741,18.49569119,13.52024533,12.70732348,15.35334676,24.02422977
India,IND,222.7045931,349.1435332,205.049556,113.0118619,148.1465251,562.4911411,120.7544123,515.6008445,362.2967683,80.4818209,136.9139035,276.5314878,101.0540697,188.3309128,258.3269913,128.5131552,377.892415,467.1877796,154.7977765,107.0050258,451.2348702,538.430895,422.2841963,481.5677737,240.2857908,406.6746717,623.505875,173.3934629,296.3672521,436.778003,330.1164081,497.78305339999997,657.5321262,160.0675755,100.5309048,89.64524763,312.9910189,392.5635465,591.5070363
Indonesia,IDN,250.9030307,300.1962727,245.5681924,173.117205,208.4726027,431.3011629,181.753252,391.7162469,311.2423413,140.4991767,198.4176163,268.0731401,161.194391,241.8579638,264.1546264,190.1884546,320.5622779,326.6306924,226.4617341,168.1071681,332.5226947,401.8315875,330.9499974,359.273041,256.653307,322.796021,455.1877824,230.4643653,283.3133149,334.4903649,283.4772492,378.0862781,473.585118,220.2818086,184.4357347,148.2435072,278.8895439,317.2976572,437.2433383
Italy,ITA,7.344499383,10.11807557,7.743942376,7.795656718,8.098269094,20.2367436,7.703313897,18.35455531,10.62012767,6.476819204,7.765546816,7.971059302,7.251864993,7.753316713,7.465134378,7.858037051,11.09544758,16.27323682,7.360800902,7.476496848,15.48024211,19.0675598,14.28551061,17.02292343,7.35143737,12.75472842,22.07292739,8.05334806,8.302798312,15.0263602,9.695995509,17.97549097,22.17902175,8.163717016,7.640018849,9.789050678,8.037216785,12.20544971,20.87450966
Japan,JPN,6.387329407,8.257945779,6.173912775,4.761009386,5.366852842,15.96224167,4.922918165,14.07810045,8.8145306,3.078282902,5.247706745,7.162243094,4.635204413,5.947377215,6.814175535,5.035295697,9.34217891,11.76071695,4.10803812,4.734954921,11.13567656,14.93075722,10.61819194,12.54876394,6.479591028,10.14183177,17.79251507,5.71158724,7.372702692,11.40413441,7.801033955,13.15742184,18.6544121,5.505880409,4.285983729,5.336611249,7.571964896,9.865831907,16.53883797
Kazakhstan,KAZ,28.48642568,52.91963453,24.80580863,11.65053267,14.86633224,64.98333229,12.17763548,63.58905856,57.90591621,9.578778874,13.70279709,37.86806519,10.92912859,21.60419396,34.81531813,12.76757172,62.70666696,67.42766075,22.68461846,11.33807293,69.88910258,64.33257208,71.85136265,65.27966341,31.79221035,70.75629176,66.69582115,18.80603949,41.21662963,71.53442668,48.34695652,63.85990991,68.42568532,16.52728821,17.91109698,14.04912956,44.51426419,68.13076329,66.07398877
Kenya,KEN,483.9639573,433.376416,498.3071325,427.5569173,485.1164733,567.7792789,440.933975,620.2105666,445.1201549,378.795784,471.9145266,433.5703773,414.8835886,498.3800319,449.6344209,453.3893221,447.784661,531.9990091,420.8537183,427.9984816,527.4198073,544.3100596,507.3629635,562.7260742,474.9181392,486.4901859,613.7540186,494.7507165,426.0390191,511.7154112,436.4186573,588.8807924,636.2430229,496.6239733,421.1587024,388.4453994,428.7528118,463.8988056,586.9162221
Kyrgyzstan,KGZ,73.33037283,72.19599885,70.74719294,48.66456496,63.70302268,73.03020748,53.15531878,71.6699528,71.99438168,41.89503138,61.88775463,74.45868167,46.97892035,70.89542134,76.25105954,57.71723118,74.77628689,78.3268804,70.21586742,49.32973142,87.98992206,71.1142936,91.22551381,73.8302943,75.10522131,84.52845105,76.40997742,69.82206301,74.27323899,91.93849815,73.58701714,71.22919676,81.27083242,67.20567342,55.14403535,43.7156829,74.68118475,78.75344708,73.86537885
Lesotho,LSO,1205.460975,464.7846423,1387.083234,468.273259,854.9235672,680.4934493,517.5423379,665.136254,412.6161346,478.0203695,707.1451368,549.4879557,467.0080311,1311.056551,696.1898136,593.8576793,371.1646021,541.7281674,576.8877271,491.1342941,423.2477961,679.9648457,318.6964995,600.5305502,891.424425,312.2453346,680.3668612,1209.529497,498.5989716,356.7298008,484.125997,640.5010743,711.3991654,1000.055791,528.729213,476.9258099,508.2389878,332.3458692,686.3330698
Luxembourg,LUX,13.12174986,18.72515008,15.44752373,15.35655914,15.56389256,24.1059162,13.37579471,23.9356568,17.57826526,11.68882415,13.10833109,16.65759521,12.6399799,16.81510352,16.23438487,13.02209641,21.36306843,20.45588137,6.043710162,9.515667657,19.63624478,21.0168466,23.14680768,25.65203287,13.56569067,22.22760447,24.31544475,13.46078366,16.67693967,22.39095503,17.11707945,25.12561842,24.03211225,13.23658526,6.022271049,6.111385748,14.52576628,17.78280975,22.503966
Madagascar,MDG,510.3184735,610.7078274,507.0019484,468.6632194,481.2378831,686.6977073,469.8804851,691.5457903,638.2805457,445.4290222,477.1834204,540.2430274,462.12295,499.5595548,527.7089096,473.8866672,647.0561305,688.0088361,466.7404833,465.6945292,687.7564018,684.1942896,679.7191276,698.902316,521.7291603,675.5017339,730.3147599,491.5464069,554.8495243,684.2683509,592.5506504,691.091344,750.6675042,486.9414527,447.3924142,438.6903382,570.9189056,662.8997443,702.356955
Malawi,MWI,429.5690979,446.7750843,511.6911522,283.8559708,410.1348974,1154.090391,311.8326776,1112.215045,506.3500679,224.9501524,367.2964153,283.4558243,259.5510568,516.9978379,285.8135883,353.8320272,575.5356615,1000.134462,285.7015603,267.4106444,912.4024636,1135.821247,713.3132015,1042.025815,333.0409779,672.2806096,1118.446386,486.0583572,303.6773404,782.0047226,404.0189566,1079.753029,1115.387102,446.7938953,256.4492836,238.957749,345.6937471,657.6412496,1122.786747
Malaysia,MYS,29.46220969,35.8557862,29.24518546,29.31701951,29.01168102,54.50754797,29.59485893,51.00004403,37.26515669,26.37990665,29.62195808,31.35877868,28.47785094,28.9377808,30.41199421,29.8212909,38.49720035,45.99340911,52.14543531,28.93193985,43.99220953,52.43775376,41.99096621,47.64201078,29.79433932,40.3613483,59.12488443,28.84643351,32.59775384,42.89510302,34.42906949,49.28325712,62.68444562,28.74949285,28.67679852,37.5912717,33.55885539,39.07139028,56.10281521
Mexico,MEX,50.63942552,55.35380117,50.60608376,43.93980593,44.95862673,88.12454035,43.15521771,80.64151172,56.39245527,42.10605109,43.70398674,51.64543289,43.33916083,49.73802467,50.60049196,43.15535688,58.16759617,70.72743022,103.877921,44.00298411,68.83061615,84.83007591,64.20371536,73.11703382,49.59503938,62.33537433,99.53261333,47.28058373,53.06311265,66.29823105,54.96576457,76.72335567,106.9755574,45.78833549,61.48252353,45.44722557,54.03960995,60.38858782,92.66971452
Monaco,MCO,10.56595307,10.36441092,10.52300786,5.450521519,5.309989292,16.46909944,5.525319081,15.64673478,10.18872095,5.220104526,5.41487066,5.155422905,5.562074994,10.63792294,5.15438605,5.436918781,10.107055,10.08481435,5.47441496,5.528945481,10.06195942,16.01976275,10.04059575,15.18258213,10.40705908,10.00548578,17.18575444,10.55120578,5.165725104,10.0628215,10.25784244,15.33720007,29.00042031,5.2903463,23.63592109,5.310203264,5.118898638,10.04899733,16.88830057
Mongolia,MNG,77.13512563,129.8065945,74.62361186,45.43285056,58.85377372,335.3283083,48.12729261,276.3712138,143.9036161,40.51441121,56.23460436,99.15441721,44.81787399,71.4109232,89.97531599,51.87234718,161.846094,181.2268138,63.32941093,44.58726919,178.3509471,310.5594301,178.4066874,198.7256215,81.29674634,179.9146321,345.9752681,67.26419911,107.8340707,176.4464895,119.7722765,227.2423069,351.8790393,62.64256688,46.8239604,41.22208563,113.9243155,174.2887124,341.3749791
Montenegro,MNE,7.666361855,10.85544098,7.551590427,7.389488583,7.074895587,10.49675812,6.025563782,10.39944887,11.32871849,5.832834217,6.778441662,8.39415596,6.37307051,7.391750604,8.032522497,6.952364343,11.67575483,10.86944291,14.64485506,6.757597148,11.24419316,10.27490175,11.80827923,10.89401294,7.986336611,11.91501654,10.64998378,7.216691667,9.266106854,11.4683734,10.1599519,10.61566133,11.21837034,6.973584158,14.73917032,13.05404647,10.01237557,11.66053078,10.40856746
Morocco,MAR,158.1742112,254.0910056,148.3335054,88.09190685,112.6112235,602.4889961,94.25250946,522.1236632,271.3972459,69.76915832,105.7175881,196.4897965,79.21254381,140.1077241,182.3822946,99.65204053,291.0907103,428.4662898,92.06035223,83.13174525,401.0629505,559.2454506,354.3904847,458.1715957,169.2781753,333.4426706,697.0442549,130.1918557,213.255949,378.4175255,238.0677887,490.0372663,752.1257698,121.0335733,81.33571118,71.22582178,224.1801311,313.0660126,649.7850537
Mozambique,MOZ,328.3943396,450.4196741,312.7203125,155.7958392,169.9053767,1233.776067,169.8249717,1134.489389,525.4131203,82.21794006,179.7065825,279.2883439,111.3932605,271.067211,274.1454805,182.4514623,603.0722969,951.0065865,160.5831627,132.4901876,885.0731266,1189.442792,802.546635,1030.606245,296.7698938,719.0590562,1322.934033,236.572222,300.1965625,865.4018191,375.1564014,1077.088374,1411.718528,191.0498609,110.246003,92.75863512,338.0840759,673.3481525,1317.888783
Myanmar,MMR,285.7840486,361.4791348,268.4585798,209.0678245,236.8683673,615.7001079,215.2362387,585.6170292,374.9275257,184.6351445,227.5464856,311.5475787,194.9133384,259.099357,300.8084506,221.5497915,387.7999004,521.6098583,231.3167061,200.9451813,497.5414086,602.5619763,442.1884636,542.1927787,290.4668844,416.321124,652.1147776,248.5478789,323.627896,472.3411847,346.5184102,566.4721343,674.2253656,242.8505989,198.1986728,192.8910583,335.0094387,398.3410473,631.1161154
Namibia,NAM,537.1472149,376.0567013,547.3648617,213.1216337,401.5578372,342.0238192,249.6214173,325.4311591,383.545165,138.85587,368.9600917,343.7868639,174.9190889,531.1404034,407.5283126,306.5705313,371.2209308,353.8472322,254.2467461,197.9482119,366.8013696,305.977764,386.7117056,345.8263894,488.7300093,383.3266665,347.6130693,497.6523498,282.3904373,369.1047517,313.2869254,336.5182637,354.0759538,439.4185527,143.4450328,126.8631761,289.9263158,396.0671935,335.8552853
Nepal,NPL,301.699228,443.1379588,298.6754917,197.1593441,258.4193761,1037.854927,213.5091924,919.8086956,479.5856206,142.0052693,244.6626994,344.4083722,170.0472133,297.2142044,318.043287,235.6406719,511.7642855,702.8002087,172.8050366,182.9122719,656.7813991,973.077679,583.5170286,767.5964663,308.73358,550.4027565,1142.959708,285.7109495,364.4827446,624.8177253,413.9053015,849.6474116,1186.254326,272.2488645,152.5164185,138.7120663,387.428933,521.7700676,1088.021601
Nicaragua,NIC,101.3411625,194.1272961,99.45709137,72.42527987,85.76307718,301.2315325,76.77424572,281.4655193,213.3106739,60.34839587,82.61404644,124.305393,69.49821049,96.46101702,112.986277,80.67301331,227.979488,264.8028527,123.5952542,66.82025701,256.0034105,285.90029,243.9034388,271.9236347,106.0822571,236.4627165,312.7483935,92.50730826,140.0381835,250.8480871,170.1545222,273.0263667,318.7344466,88.09861475,86.79423382,61.13117892,153.9970744,239.458127,316.4137066
Nigeria,NGA,1081.429754,1129.846935,1088.097943,1141.806647,1146.022055,1331.940462,1155.23963,1285.429781,1135.673469,992.8292085,1155.415835,1059.810289,1090.955468,1093.743329,1067.336234,1167.736698,1165.288087,1200.01369,1046.141459,1118.378697,1192.951565,1304.408824,1185.330046,1245.730836,1063.354699,1183.805857,1363.482553,1107.970104,1075.124603,1185.825395,1116.649953,1281.882712,1343.561856,1124.144501,1064.693433,1016.336736,1090.391534,1189.02974,1350.86223
North Macedonia,MKD,5.672639253,9.291557542,5.628801869,3.525661439,4.538093907,15.77253373,3.875151063,15.76351606,11.13098684,2.758119716,4.217342805,7.313621961,3.181011753,5.304498081,7.129592042,3.834896204,11.81529697,13.6918581,11.7937391,3.370443074,13.46777231,14.49449775,14.25911845,14.03630597,6.842272662,13.36877523,15.69104894,4.723854463,8.2132444,13.41441385,9.871008911,14.65423916,16.67952658,5.042117559,7.109346276,2.515193781,8.102002102,13.48390457,15.47596356
Pakistan,PAK,253.8224837,400.0598268,246.0426723,183.8693324,219.5119702,440.6780848,193.0417399,433.603778,419.2123369,155.0327398,210.5652574,314.5432156,173.4325177,240.1277463,284.4647198,202.3163197,438.362694,472.7086081,192.8974074,178.4420088,478.9756953,438.6241402,482.4169902,459.1903128,265.4964132,476.438961,436.2763546,233.6102442,332.8230152,485.3616595,380.1861072,442.5476625,431.6313134,227.0105086,177.9249689,160.0928917,358.3939444,455.7533238,441.5779274
Panama,PAN,55.12234641,61.56771148,55.30423679,46.60967205,51.84921873,93.06826916,46.56604298,88.62314325,64.08375561,37.00633347,49.0116652,56.78297555,40.72977967,55.56430784,56.28085131,48.0821214,65.29673938,80.85382044,59.22772443,43.4217546,78.35440995,96.33017498,73.26115006,84.91758865,55.40563727,70.27019708,93.93500647,54.77634905,57.4235899,76.63736551,59.40599814,86.99184888,95.37337352,53.4881846,74.18438248,40.19727663,58.39540115,67.67854017,92.62234568
Papua New Guinea,PNG,314.5241613,324.9123841,301.7344968,206.9427518,243.2143627,376.7892946,213.7761848,360.0205074,323.2705544,188.6494966,231.7508368,326.3219938,199.0579085,288.6090495,324.6454686,220.6803882,320.5793819,333.1634426,222.9465877,204.722368,323.6877312,368.6549387,315.8245388,339.7889494,325.9503015,316.4054157,385.533661,270.7794233,326.4031807,318.3872486,329.2502674,353.5755433,393.4168493,256.7841931,194.0588985,188.8134853,328.3712018,325.2652511,378.538677
Paraguay,PRY,165.8215108,206.8548616,152.0733696,58.41089145,83.61236479,219.9032433,59.62664966,198.1159829,206.7616844,58.27148719,70.4038452,194.0304245,57.57453848,135.9873396,186.484861,63.68523867,206.6632393,197.3784559,139.9223973,57.68947354,200.7806185,208.8887624,202.9551279,194.8836785,176.8962673,205.0466462,230.3426714,120.2835068,198.8805899,202.4800703,205.5111329,191.6203286,236.981053,99.71233629,68.64984744,77.71228479,202.9977093,206.5977714,224.7734599
Peru,PER,90.72158706,109.3893462,89.31912704,66.66299933,75.028152,189.7110143,68.7623548,191.464765,115.3393809,51.445451,72.96355426,103.0285102,60.19834557,85.92868177,98.84665706,71.46574515,124.1866036,192.1398592,141.4558327,66.17148689,187.507468,190.0018079,165.6956245,195.3296713,94.22268263,151.8284963,192.6264283,83.21230532,106.6630445,179.1642558,105.7158436,201.1550109,198.2967812,78.76699483,75.04343283,80.57386704,104.1846739,138.7891965,191.6212514
Philippines,PHL,122.6267791,131.6147719,122.1059008,85.87138683,109.7278963,183.7447824,97.95527933,173.369735,126.7574292,83.75267845,105.5677579,117.7461368,91.94279487,117.4257781,128.6064309,103.515074,130.224076,154.8375762,152.6758766,92.42419605,150.9113758,176.8318817,140.9982284,159.7014922,123.3167116,137.5371443,199.0242234,115.2732678,121.5211654,147.1970927,126.3029657,171.5796182,204.4916556,110.4309575,88.45691865,92.2979749,126.9037978,134.7386479,191.2077259
Poland,POL,3.212973081,6.089401183,2.860320178,1.870540861,2.046314532,18.22077105,1.862968488,18.10857129,6.970952846,1.567119645,1.956841402,4.113557273,1.799825608,2.611965098,3.802155382,1.889376373,7.870964881,14.99652094,2.454205664,1.827041259,13.65963585,18.00020691,11.13152519,16.48160144,3.493759621,9.883288441,18.96101423,2.345242562,4.456928828,12.29313104,5.33329231,17.61877454,19.3409421,2.187174708,2.949783796,1.665228866,4.837431592,8.829091729,18.39261806
Portugal,PRT,8.830552924,9.19703094,9.420631457,13.47288516,10.2514633,18.22903131,12.1551335,17.45708873,9.415924481,14.94519311,10.75706715,8.301732813,14.65165084,10.00560852,7.92360848,11.01034768,9.913549904,15.1356866,18.76944645,14.00161571,13.22442435,18.02722855,12.02102167,15.71354364,8.470359805,11.88351112,18.88258912,9.530029423,8.036960399,12.34709424,8.738868888,16.6836704,20.40314411,9.991895018,13.6325314,16.1946788,8.460330174,10.67357621,19.4895085
Romania,ROU,24.67949719,40.81347412,24.5150267,16.64921235,17.51955661,158.8114545,17.16658001,118.0597785,45.24842339,11.68034872,17.81073635,29.89098381,14.05002078,22.97816869,26.67134154,17.64792428,51.10025837,87.01198639,19.69603942,15.40139999,80.42357568,142.7058851,71.54905897,95.13410666,24.81144362,65.90104402,179.7809014,19.9766199,32.39281405,75.34612417,38.07128147,104.0682102,183.8835508,19.09190959,15.80411574,12.79395988,35.42811086,57.95669245,172.8266518
Russian Federation,RUS,26.56262547,48.2052895,23.68300196,12.25271779,16.40045847,62.70637865,13.74824055,58.39626536,50.99687931,9.402811391,15.78710859,38.06466868,11.75002721,22.94340933,31.86740602,14.79449314,53.1779323,76.15149085,20.56877781,12.02799622,85.41102425,61.07350167,69.15966837,62.46073504,28.69368452,58.80772331,68.95924413,19.49918745,40.9459615,81.65307373,46.57861177,57.47182796,80.94362641,17.70813118,18.78881218,13.00374773,44.80460102,52.82969116,65.09179751
Rwanda,RWA,453.8719605,769.0452939,418.3249734,275.0631397,316.5066769,1188.076105,278.1357866,1308.986745,885.2350631,229.4838991,301.0517234,465.3662622,261.306132,392.9083707,493.7913615,291.5689526,1072.7882,1619.172216,253.9698641,268.7325281,5721.358521,1237.605436,1294.910625,1529.907557,493.6226831,1318.410625,1125.986555,358.4834346,459.9269553,1505.257891,677.2326797,1386.0263420000001,1116.488162,330.7634096,252.1236857,233.9668163,551.06288,1267.691583,1145.019217
Serbia,SRB,12.21471111,14.81963748,12.4660345,12.7571434,12.7955001,14.2079538,13.16988503,14.1006098,15.55836816,10.73850259,13.02132367,12.78247778,12.10226667,12.62060559,12.23823632,13.28251146,16.56657763,15.84258308,26.38974064,12.28852718,16.43343312,13.85232123,17.01600098,15.03113128,12.10156454,17.25221136,14.76938129,12.67290435,13.25970645,16.79516494,14.24190573,14.35693772,15.187155,12.69421892,15.69567372,14.35143204,13.71639878,18.65698246,14.50669476
Singapore,SGP,11.33222312,16.2124902,10.49094057,7.986218719,9.235905591,18.40679138,8.202142875,16.96045291,17.16365744,6.121237998,8.763723281,13.52229593,7.429651676,10.02634681,12.98976198,8.33353013,17.17685609,15.77914078,20.20444817,7.712650062,16.06117528,17.52412879,17.46389479,15.79142646,12.25286516,17.47132477,17.68490307,9.943675985,14.14816538,16.57164502,15.61657641,16.2463671,18.42531242,9.856626215,12.71787098,33.67385914,14.89446292,17.31227314,17.85106103
Slovakia,SVK,5.47861488,8.037293974,5.543844142,4.792900074,5.001456405,18.18722303,4.985067877,17.92378473,8.215910866,4.47117441,4.785254807,6.62807709,4.811105407,5.159208811,5.780900626,4.569333322,9.085450121,13.67638342,12.22553869,4.653782053,12.41678685,17.33291956,10.28066188,15.00318478,6.421853928,10.33848304,19.01312692,5.122266361,6.689166329,10.93797495,7.244930632,17.06467729,19.21055661,4.868977757,4.084217723,5.441605909,7.016849046,9.653427355,19.14843275
Slovenia,SVN,6.781585013,6.376803055,6.600434977,4.734074342,5.729167459,16.02853327,4.969978255,13.88081635,7.201921921,3.328467629,5.599342196,6.023837063,3.84993993,6.603462077,6.304991044,5.189629802,8.14240047,12.47889917,8.069519663,4.126640535,11.72725112,14.56098042,10.12292209,12.78870049,6.368339745,9.362418509,16.3061388,6.37629757,5.828109294,11.13935568,5.67332545,13.1560728,17.0772347,6.175792522,11.7916206,15.12944315,5.819077489,8.659964437,16.04734744
Solomon Islands,SLB,153.2789229,166.5967814,152.123824,140.1776691,147.271268,192.5144118,142.7342274,184.0561923,166.2647687,122.5894882,146.8302386,161.0208669,135.0444588,147.5089949,158.9965971,146.0190054,164.3538699,172.5124192,152.6177736,136.4816179,170.1671196,188.1197236,165.6623419,173.6077903,162.8276606,164.2387029,226.3821585,147.0725357,163.8373506,167.7831297,167.5219272,178.1394845,209.2814217,145.6217276,131.2238423,125.8766339,166.72618,165.1546487,200.1548601
Somalia,SOM,1035.256436,1128.748741,994.9014138,715.9144104,854.6860165,1423.331633,754.0700382,1358.402171,1150.383013,562.5848149,816.2461139,1086.020182,655.7733554,1062.472385,1085.323982,784.1913401,1169.870531,1195.009226,725.8834919,726.8841127,1254.203184,1394.507367,1224.966827,1338.886751,1074.477427,1206.369779,1451.769657,972.333349,1104.060977,1209.504954,1120.901203,1430.970624,1465.309074,894.1012945,654.9483558,622.0243335,1110.879596,1176.811977,1393.179882
South Africa,ZAF,271.6270085,192.2310757,241.0636727,133.6857791,179.7353094,184.037514,141.1707763,169.6912251,174.7451063,117.5665428,162.1404439,278.8084738,119.4523829,226.0632028,283.4149713,150.4174191,151.2162428,145.1387577,191.1687609,127.517952,133.4686419,176.9863171,150.2730797,152.4625973,271.9468869,152.3784447,199.748873,202.03339,258.8787733,124.5286836,225.2107217,162.0875061,207.9671602,193.8049298,118.2862771,129.2300285,244.9978687,152.4375707,192.2123298
South Sudan,SSD,857.5966255,1580.064807,822.8949927,1661.52114,771.4185057,5535.012306,1629.399793,4876.69475,1657.763652,691.8202948,1215.602782,1074.164192,744.851351,776.1832753,1005.149874,1435.578641,2047.879862,7536.612926,749.2421991,912.8396626,1665.618599,5102.938482,4357.090579,7597.249222,932.5363151,4172.142133,3719.698182,770.1919649,1149.61875,4430.060359,1521.041479,4764.459066,3845.245473,755.0650342,729.0375251,703.686347,1199.001499,7514.037909,8044.862936
Spain,ESP,4.394328729,4.7350939,4.28055778,3.357478257,3.731400685,6.573123558,3.394990749,6.427864258,4.699469876,2.722749905,3.67268846,4.558300883,3.010554291,4.02566762,4.457074438,3.523461913,4.681714561,5.916610236,3.613621662,3.199841131,5.761959535,6.553546265,5.58386098,6.085151312,4.358852902,4.940596078,6.55916631,4.038555357,4.591758664,5.676142867,4.632662513,6.461870129,6.435677728,3.897286274,4.289670934,3.88227936,4.372188105,4.675841452,6.633923432
Suriname,SUR,160.7152677,269.7183992,147.1977245,104.8176161,121.2071522,364.061532,108.5633584,349.7792892,281.5474613,83.64145987,119.510088,202.0663509,97.15344738,134.3904075,186.5596319,115.1353816,291.1713119,342.6413137,144.2711865,101.1650287,333.703384,359.759431,322.7761785,346.1657577,173.2642604,312.4621636,377.4638678,125.6867051,218.7272994,331.2997244,253.1904834,347.4719767,386.3031528,122.0095153,94.49408797,87.71918331,237.9153171,301.8640687,371.5682596
Sweden,SWE,5.154134792,5.231549864,5.105617499,4.536414567,4.977055527,9.123654019,4.548960867,8.426778411,5.463315417,4.028097917,4.905958948,5.074767192,4.45582661,4.765045123,5.299096985,4.527355805,5.803549383,7.660899247,5.128944337,4.508020047,7.408709438,8.501953459,6.234422532,7.810501725,5.198804618,5.833151409,8.301248653,4.912232579,5.264529567,6.731458151,5.400075373,8.245584683,8.132146865,4.99613368,5.199592406,5.069334432,5.488565964,5.756610351,8.27967399
Switzerland,CHE,7.359678136,8.476837749,7.06671994,6.15792596,6.716236947,14.66809262,6.665261399,14.19055544,8.765515503,5.461365683,6.383149919,8.392102568,5.932969179,7.436660549,7.970579248,6.320820897,9.377178072,12.89831972,4.477398539,6.256905481,12.49499523,14.47539086,10.79499814,13.24525203,7.465491542,10.3008027,14.47551487,7.450626466,8.206991055,12.29220186,8.838943742,13.63594432,14.67703158,6.825280631,5.286519203,3.872845898,8.187467928,9.537124455,13.94172705
Thailand,THA,36.83852471,46.88326653,37.02729793,33.87781932,34.70838088,67.31898835,34.14548026,60.4257075,48.52156649,34.45034586,34.08645602,40.0422685,33.84793706,36.83293367,38.39015515,33.72087215,48.17079324,57.07980466,38.21132466,33.63946553,53.87415213,64.30591691,49.03781942,57.74313697,37.91039908,47.73404712,77.88624378,36.99884086,43.54667186,51.5296117,44.47218042,59.0362157,87.67377986,36.4248639,36.23927447,112.4770106,41.77829752,47.18971294,71.87792707
Timor-Leste,TLS,518.0030569,761.169685,477.4499278,268.9939824,349.3061561,1742.65868,286.6940783,1477.247521,796.1313911,192.3577607,327.4105238,647.8162044,237.4650582,438.5729565,599.5189188,304.951062,1487.982682,1307.734387,262.6883558,250.679414,1254.14504,1510.822669,1192.799897,1368.273687,558.8654055,1165.510621,1859.949173,403.5338203,683.2549685,1239.383935,723.5831926,1439.071042,1916.411637,374.3763542,257.3216361,234.9521837,713.6249336,1157.356667,1763.042259
Tunisia,TUN,45.22682518,54.63184726,44.27340672,37.85947327,42.78121052,95.67655417,38.91514673,84.93263668,55.75277762,35.71128683,41.78524123,48.95261268,37.27698533,43.76706411,47.56931339,40.27136187,57.28148958,80.48262319,64.65765966,37.54945739,77.24086822,87.30180106,68.19497233,81.63756665,46.3317601,63.87446876,120.9862552,43.77050092,50.27621377,73.27142185,53.08259461,83.17153882,131.9475744,43.38275556,39.69159877,38.11569494,51.74930444,59.67325592,107.0154718
Uganda,UGA,324.4711593,440.3102368,322.4205947,246.2628782,307.6948049,655.0375874,272.4576777,575.1730798,475.0966326,170.3104838,311.3423804,416.9045373,218.7125453,304.3459374,408.6582515,299.1615982,503.9197879,514.5793361,215.7510252,231.9684218,506.7505578,609.4591584,513.4124537,530.4928254,344.593261,521.8535068,781.2713514,294.5312016,384.3490806,514.186343,415.7563075,548.5198189,842.0817114,285.0679652,209.4898774,183.9035302,394.5486691,523.2338462,708.942932
Ukraine,UKR,26.06416093,29.81381217,23.96281949,16.02144591,19.50281261,43.66460451,16.50206797,39.97813586,31.66517166,14.9480896,18.72807248,26.848135160000002,15.79273858,21.34236244,26.75942156,17.28115029,33.72524252,42.03893189,25.86090462,16.17094502,44.87409776,41.51471016,45.44795269,40.26162348,26.76394295,40.72096632,50.16332442,20.13721179,27.42509742,46.44630352,28.2781007,39.77379905,53.16710595,19.73935004,17.97056898,15.51594233,27.75427473,36.58714101,46.22196324
Zambia,ZMB,393.5536247,305.6169203,406.3524424,141.4031587,213.3232367,635.2673106,158.0952222,625.0109472,340.1839737,85.4503666,173.684617,263.7189695,102.7551264,331.6696964,262.1992129,154.4058975,377.9097469,531.9217222,140.1435797,117.1732844,507.2602454,635.3631932,432.674582,580.9552357,323.8621205,403.087382,618.6467578,291.1451128,259.573569,465.6033898,273.7210723,611.3639151,595.9180721,255.9068171,98.62833798,89.4511926,249.8508044,391.9481104,629.6630972
Zimbabwe,ZWE,525.9220214,467.3521068,539.5338934,389.3335683,525.2499892,430.7947501,411.3501058,353.3196102,404.5445964,357.6149794,467.8001181,453.7196527,387.6004298,566.5662574,479.8222297,427.9314261,398.6968948,330.5660333,446.4168485,385.5237479,332.3579435,382.2981929,352.0040169,332.9846429,518.9900529,356.8892104,524.8230949,564.0207336,451.0760636,331.7067678,417.6648594,331.7945393,573.3273899,557.8331048,379.9713807,367.8065875,454.860143,368.413131,479.9542996
