isocode3,country,underweightsev_2011_per_GDL,underweightsev_2015_per_GDL,underweightsev_2005_per_GDL,underweightsev_2009_per_GDL,underweightsev_2017_per_GDL,underweightsev_2002_per_GDL,underweightsev_2013_per_GDL,underweightsev_2019_per_GDL,underweightsev_2000_per_GDL,underweightsev_2016_per_GDL,underweightsev_2010_per_GDL,underweightsev_2006_per_GDL,underweightsev_2023_per_GDL,underweightsev_1996_per_GDL,underweightsev_2004_per_GDL,underweightsev_2014_per_GDL,underweightsev_2022_per_GDL,underweightsev_2012_per_GDL,underweightsev_2001_per_GDL,underweightsev_2018_per_GDL,underweightsev_2021_per_GDL,underweightsev_1998_per_GDL,underweightsev_2003_per_GDL,underweightsev_2008_per_GDL,underweightsev_1994_per_GDL,underweightsev_1997_per_GDL,underweightsev_1995_per_GDL,underweightsev_2007_per_GDL,underweightsev_1999_per_GDL,underweightsev_2020_per_GDL,underweightsev_1992_per_GDL,underweightsev_1993_per_GDL,underweightsev_2024_per_GDL,underweightsev_1991_per_GDL
AFG,Afghanistan,NA,NA,NA,NA,NA,NA,NA,NA,NA,NA,NA,NA,NA,NA,NA,NA,NA,NA,NA,NA,NA,NA,NA,NA,NA,NA,NA,NA,NA,NA,NA,NA,NA,NA
ALB,Albania,NA,NA,1.8,2,0.2,NA,NA,NA,NA,NA,NA,NA,NA,NA,NA,NA,NA,NA,NA,NA,NA,NA,NA,NA,NA,NA,NA,NA,NA,NA,NA,NA,NA,NA
DZA,Algeria,NA,NA,NA,NA,NA,4.1,NA,0.8,NA,NA,NA,NA,NA,NA,NA,NA,NA,NA,NA,NA,NA,NA,NA,NA,NA,NA,NA,NA,NA,NA,NA,NA,NA,NA
AGO,Angola,NA,NA,NA,NA,NA,NA,NA,NA,NA,5.5,NA,NA,NA,NA,NA,NA,NA,NA,NA,NA,NA,NA,NA,NA,NA,NA,NA,NA,NA,NA,NA,NA,NA,NA
ARM,Armenia,NA,NA,NA,NA,NA,NA,NA,NA,0.5,0.7,1.7,NA,NA,NA,NA,NA,NA,NA,NA,NA,NA,NA,NA,NA,NA,NA,NA,NA,NA,NA,NA,NA,NA,NA
AZE,Azerbaijan,NA,NA,NA,NA,NA,NA,NA,NA,NA,NA,NA,2.3,0.6,NA,NA,NA,NA,NA,NA,NA,NA,NA,NA,NA,NA,NA,NA,NA,NA,NA,NA,NA,NA,NA
BGD,Bangladesh,10.6,NA,NA,NA,NA,NA,NA,5.1,NA,NA,NA,NA,NA,23.1,13.9,8.1,4.1,NA,NA,NA,NA,NA,NA,NA,NA,NA,NA,NA,NA,NA,NA,NA,NA,NA
BLR,Belarus,NA,NA,0.5,NA,NA,NA,NA,NA,NA,NA,NA,NA,NA,NA,NA,NA,NA,NA,NA,NA,NA,NA,NA,NA,NA,NA,NA,NA,NA,NA,NA,NA,NA,NA
BLZ,Belize,1.2,NA,NA,NA,NA,NA,NA,NA,NA,NA,NA,1.4,NA,NA,NA,NA,NA,NA,NA,NA,NA,NA,NA,NA,NA,NA,NA,NA,NA,NA,NA,NA,NA,NA
BTN,Bhutan,NA,NA,NA,NA,NA,NA,NA,NA,NA,NA,3.2,NA,NA,NA,NA,NA,NA,NA,NA,NA,NA,NA,NA,NA,NA,NA,NA,NA,NA,NA,NA,NA,NA,NA
BOL,Bolivia,NA,NA,NA,NA,NA,NA,NA,NA,NA,NA,NA,NA,NA,NA,NA,NA,NA,NA,NA,NA,NA,1.5,1.6,1,NA,NA,NA,NA,NA,NA,NA,NA,NA,NA
BIH,Bosnia and Herzegovina,0.9,NA,NA,NA,NA,NA,NA,NA,NA,NA,NA,0.6,NA,NA,NA,NA,NA,NA,NA,NA,NA,NA,NA,NA,NA,NA,NA,NA,NA,NA,NA,NA,NA,NA
BWA,Botswana,NA,NA,NA,NA,NA,NA,NA,NA,3.4,NA,NA,NA,NA,NA,NA,NA,NA,NA,NA,NA,NA,NA,NA,NA,NA,NA,NA,NA,NA,NA,NA,NA,NA,NA
BRA,Brazil,NA,NA,NA,NA,NA,NA,NA,NA,NA,NA,NA,NA,NA,1,NA,NA,NA,NA,NA,NA,NA,NA,NA,NA,NA,NA,NA,NA,NA,NA,NA,NA,NA,NA
KHM,Cambodia,NA,NA,7.2,NA,NA,NA,NA,NA,14.3,NA,7.2,NA,NA,NA,NA,5,NA,NA,NA,NA,2.8,NA,NA,NA,NA,NA,NA,NA,NA,NA,NA,NA,NA,NA
CMR,Cameroon,5.1,NA,NA,NA,NA,NA,NA,NA,NA,NA,NA,NA,NA,NA,5.1,NA,NA,NA,NA,3.3,NA,5.2,NA,NA,NA,NA,NA,NA,NA,NA,NA,NA,NA,NA
CAF,Central African Republic,NA,NA,NA,NA,NA,NA,NA,7,NA,NA,7.8,10.3,NA,NA,NA,NA,NA,NA,NA,NA,NA,NA,NA,NA,7.7,NA,NA,NA,NA,NA,NA,NA,NA,NA
CHL,Chile,NA,NA,NA,NA,NA,NA,NA,NA,NA,NA,NA,NA,NA,NA,NA,NA,NA,NA,NA,NA,NA,NA,NA,NA,NA,NA,NA,NA,NA,NA,NA,NA,NA,NA
COL,Colombia,NA,NA,0.8,NA,NA,NA,NA,NA,1.1,NA,0.6,NA,NA,NA,NA,NA,NA,NA,NA,NA,NA,NA,NA,NA,NA,NA,1.3,NA,NA,NA,NA,NA,NA,NA
COD,"Congo, Dem. Rep.",NA,NA,NA,NA,NA,NA,7.8,NA,NA,NA,8.3,NA,NA,NA,NA,NA,NA,NA,NA,7,NA,NA,NA,NA,NA,NA,NA,9.4,NA,NA,NA,NA,NA,NA
COG,"Congo, Rep.",2.3,3.3,3.3,NA,NA,NA,NA,NA,NA,NA,NA,NA,NA,NA,NA,NA,NA,NA,NA,NA,NA,NA,NA,NA,NA,NA,NA,NA,NA,NA,NA,NA,NA,NA
CRI,Costa Rica,NA,NA,NA,NA,NA,NA,NA,NA,NA,NA,NA,NA,NA,NA,NA,NA,NA,NA,NA,0.3,NA,NA,NA,NA,NA,NA,NA,NA,NA,NA,NA,NA,NA,NA
SLV,El Salvador,NA,NA,NA,NA,NA,NA,NA,NA,NA,NA,NA,NA,NA,NA,NA,0.9,NA,NA,NA,NA,NA,NA,NA,NA,NA,NA,NA,NA,NA,NA,NA,NA,NA,NA
GNQ,Equatorial Guinea,NA,NA,NA,NA,NA,NA,NA,NA,NA,NA,NA,NA,NA,NA,NA,NA,NA,NA,NA,NA,NA,NA,NA,NA,NA,NA,NA,NA,NA,NA,NA,NA,NA,NA
SWZ,Eswatini,NA,NA,NA,NA,NA,NA,NA,NA,NA,NA,1,1.2,NA,NA,NA,1.6,NA,NA,NA,NA,NA,NA,NA,NA,NA,NA,NA,NA,NA,NA,NA,NA,NA,NA
FJI,Fiji,NA,NA,NA,NA,NA,NA,NA,NA,NA,NA,NA,NA,NA,NA,NA,NA,NA,NA,NA,NA,1.2,NA,NA,NA,NA,NA,NA,NA,NA,NA,NA,NA,NA,NA
GAB,Gabon,NA,NA,NA,NA,NA,NA,NA,NA,2.4,NA,NA,NA,NA,NA,NA,NA,NA,1.7,NA,NA,1.2,NA,NA,NA,NA,NA,NA,NA,NA,NA,NA,NA,NA,NA
GEO,Georgia,NA,NA,1,NA,NA,NA,NA,NA,NA,NA,NA,NA,NA,NA,NA,NA,NA,NA,NA,0.3,NA,NA,NA,NA,NA,NA,NA,NA,NA,NA,NA,NA,NA,NA
GTM,Guatemala,NA,2.1,NA,NA,NA,NA,NA,NA,NA,NA,NA,NA,NA,NA,NA,NA,NA,NA,NA,NA,NA,NA,NA,NA,NA,NA,6.8,NA,5.4,NA,NA,NA,NA,NA
GUY,Guyana,NA,NA,NA,2.3,NA,NA,NA,NA,NA,NA,NA,3.5,NA,NA,NA,2.1,NA,NA,NA,NA,NA,NA,NA,NA,NA,NA,NA,NA,NA,NA,NA,NA,NA,NA
HND,Honduras,1.2,NA,1.5,NA,NA,NA,NA,1.2,NA,NA,NA,NA,NA,NA,NA,NA,NA,NA,NA,NA,NA,NA,NA,NA,NA,NA,NA,NA,NA,NA,NA,NA,NA,NA
IND,India,NA,NA,NA,NA,NA,NA,NA,10.1,NA,12,NA,17.2,NA,NA,NA,NA,NA,NA,NA,NA,NA,NA,NA,NA,NA,NA,NA,NA,19.8,NA,24,NA,NA,NA
IDN,Indonesia,NA,NA,NA,NA,NA,NA,NA,NA,NA,NA,NA,NA,NA,NA,NA,NA,NA,NA,NA,NA,NA,NA,NA,NA,NA,NA,NA,NA,NA,NA,NA,NA,NA,NA
IRN,"Iran, Islamic Rep.",NA,NA,NA,NA,NA,NA,NA,NA,NA,NA,NA,NA,NA,NA,NA,NA,NA,NA,NA,NA,NA,NA,NA,NA,NA,NA,NA,NA,NA,NA,NA,NA,NA,NA
KAZ,Kazakhstan,NA,0.2,NA,NA,NA,NA,NA,NA,NA,NA,1.2,1.7,NA,NA,NA,NA,NA,NA,NA,NA,NA,NA,NA,NA,NA,NA,1.7,NA,1.2,NA,NA,NA,NA,NA
KEN,Kenya,NA,NA,NA,NA,NA,NA,NA,NA,NA,NA,NA,NA,NA,NA,NA,2.4,1.7,NA,NA,NA,NA,5.5,4.9,3.8,NA,NA,NA,NA,NA,NA,NA,6.9,NA,NA
KGZ,Kyrgyz Republic,NA,NA,NA,NA,NA,NA,NA,NA,NA,NA,NA,0.9,NA,NA,NA,0.6,NA,1.1,NA,0.4,NA,NA,NA,NA,NA,1.8,NA,NA,NA,NA,NA,NA,NA,NA
LAO,Lao PDR,NA,NA,NA,NA,4.9,NA,NA,NA,NA,NA,NA,NA,NA,NA,NA,NA,NA,7.2,NA,NA,NA,NA,NA,NA,NA,NA,NA,NA,NA,NA,NA,NA,NA,NA
LSO,Lesotho,NA,NA,NA,NA,NA,NA,NA,NA,NA,NA,3,NA,NA,NA,5.1,2,NA,NA,NA,2.2,NA,NA,NA,NA,NA,NA,NA,NA,NA,NA,NA,NA,1.6,NA
MDG,Madagascar,NA,NA,NA,NA,NA,NA,NA,NA,NA,NA,NA,NA,NA,NA,12.3,NA,NA,NA,NA,6.1,5.5,NA,NA,NA,NA,13.6,NA,NA,NA,NA,11,NA,NA,NA
MWI,Malawi,NA,NA,NA,NA,NA,NA,NA,NA,7.3,2.5,3.5,NA,NA,NA,5.6,NA,NA,NA,NA,NA,NA,NA,NA,NA,NA,NA,NA,NA,NA,2.6,9,NA,NA,NA
MEX,Mexico,NA,NA,NA,NA,NA,NA,NA,NA,NA,1,NA,NA,NA,NA,NA,NA,NA,NA,NA,NA,NA,NA,NA,NA,NA,NA,NA,NA,NA,NA,NA,NA,NA,NA
MDA,Moldova,NA,NA,0.5,NA,NA,NA,NA,NA,NA,NA,NA,NA,NA,NA,NA,NA,NA,0.2,NA,NA,NA,NA,NA,NA,NA,NA,NA,NA,NA,NA,NA,NA,NA,NA
MNG,Mongolia,NA,NA,1.6,NA,NA,NA,NA,NA,NA,NA,1,NA,NA,NA,NA,NA,NA,NA,NA,0.5,NA,NA,NA,NA,NA,NA,NA,NA,NA,NA,NA,NA,NA,NA
MNE,Montenegro,NA,NA,1.1,NA,NA,NA,0.1,NA,NA,NA,NA,NA,NA,NA,NA,NA,NA,NA,NA,2.1,NA,NA,NA,NA,NA,NA,NA,NA,NA,NA,NA,NA,NA,NA
MAR,Morocco,NA,NA,NA,NA,NA,NA,NA,NA,NA,NA,NA,NA,NA,NA,NA,NA,NA,NA,NA,NA,NA,NA,3.1,NA,NA,NA,NA,NA,NA,NA,2.3,NA,NA,NA
MOZ,Mozambique,4.8,NA,NA,NA,NA,NA,NA,NA,NA,NA,NA,NA,NA,NA,NA,NA,3.8,NA,NA,NA,NA,NA,7.8,NA,NA,12.6,NA,NA,NA,NA,NA,NA,NA,NA
MMR,Myanmar,NA,NA,NA,NA,NA,NA,NA,NA,8.9,3.6,NA,NA,NA,NA,NA,NA,NA,NA,NA,NA,NA,NA,NA,NA,NA,NA,NA,NA,NA,NA,NA,NA,NA,NA
NAM,Namibia,NA,NA,NA,NA,NA,NA,3.3,NA,6.2,NA,NA,4.4,NA,NA,NA,NA,NA,NA,NA,NA,NA,NA,NA,NA,NA,NA,NA,NA,NA,NA,6.4,NA,NA,NA
NPL,Nepal,7.9,NA,NA,NA,NA,NA,NA,6.5,NA,5.4,NA,11,NA,NA,NA,NA,3.6,NA,13.2,NA,NA,NA,NA,NA,NA,NA,NA,NA,NA,NA,NA,NA,NA,NA
NIC,Nicaragua,NA,NA,NA,NA,NA,NA,NA,NA,NA,NA,NA,NA,NA,NA,NA,NA,NA,NA,2.1,NA,NA,2.6,NA,NA,NA,NA,NA,NA,NA,NA,NA,NA,NA,NA
NGA,Nigeria,NA,NA,NA,NA,NA,NA,14.3,NA,NA,NA,NA,NA,NA,NA,NA,NA,NA,NA,NA,7.2,NA,NA,11.8,12.5,NA,NA,NA,NA,13.4,NA,NA,NA,NA,NA
MKD,North Macedonia,NA,NA,0.6,NA,NA,NA,NA,0.2,NA,NA,NA,NA,NA,NA,NA,NA,NA,NA,NA,NA,NA,NA,NA,NA,NA,NA,NA,NA,NA,NA,NA,NA,NA,NA
PAK,Pakistan,NA,NA,NA,NA,NA,NA,NA,NA,NA,NA,NA,NA,NA,NA,NA,NA,NA,11.7,NA,8.1,NA,NA,NA,NA,NA,NA,NA,NA,NA,NA,NA,NA,NA,17.4
PNG,Papua New Guinea,NA,NA,NA,NA,8.5,NA,NA,NA,NA,NA,NA,NA,NA,NA,NA,NA,NA,NA,NA,NA,NA,NA,NA,NA,NA,NA,NA,NA,NA,NA,NA,NA,NA,NA
PRY,Paraguay,NA,NA,NA,NA,NA,NA,NA,NA,NA,NA,NA,NA,NA,NA,NA,NA,NA,NA,NA,NA,NA,NA,NA,NA,NA,NA,NA,NA,NA,NA,NA,NA,NA,NA
PER,Peru,0.6,NA,NA,0.6,NA,NA,NA,NA,1,NA,0.7,0.4,NA,1.3,0.6,NA,NA,0.5,NA,NA,NA,NA,NA,0.5,NA,NA,NA,NA,NA,NA,NA,NA,NA,NA
PHL,Philippines,NA,NA,NA,NA,NA,NA,NA,NA,NA,NA,NA,NA,NA,NA,NA,NA,NA,NA,NA,NA,NA,NA,NA,NA,NA,NA,NA,NA,NA,NA,NA,NA,NA,NA
RWA,Rwanda,NA,2.2,4.8,NA,NA,NA,NA,NA,6.2,NA,2.4,NA,NA,NA,NA,NA,NA,NA,NA,NA,NA,NA,NA,NA,NA,NA,NA,NA,NA,1.3,6.7,NA,NA,NA
SRB,Serbia,NA,NA,0.5,NA,NA,NA,NA,0.2,NA,NA,0.5,NA,NA,NA,NA,0.2,NA,NA,NA,NA,NA,NA,NA,NA,NA,NA,NA,NA,NA,NA,NA,NA,NA,NA
SOM,Somalia,NA,NA,NA,NA,NA,NA,NA,NA,NA,NA,NA,13.1,NA,NA,NA,NA,NA,NA,NA,NA,NA,NA,NA,NA,NA,NA,NA,NA,NA,NA,NA,NA,NA,NA
ZAF,South Africa,NA,NA,NA,NA,NA,NA,NA,NA,NA,1,NA,NA,NA,NA,NA,NA,NA,NA,NA,NA,NA,NA,NA,NA,NA,NA,NA,NA,NA,NA,NA,NA,NA,NA
SSD,South Sudan,NA,NA,NA,NA,NA,NA,NA,NA,NA,NA,12.2,NA,NA,NA,NA,NA,NA,NA,NA,NA,NA,NA,NA,NA,NA,NA,NA,NA,NA,NA,NA,NA,NA,NA
SUR,Suriname,NA,NA,NA,NA,NA,NA,NA,NA,NA,NA,1.2,1.1,NA,NA,NA,NA,NA,NA,NA,0.8,NA,NA,NA,NA,NA,NA,NA,NA,NA,NA,NA,NA,NA,NA
SYR,Syrian Arab Republic,NA,NA,NA,NA,NA,NA,NA,NA,NA,NA,NA,3.3,NA,NA,NA,NA,NA,NA,NA,NA,NA,NA,NA,NA,NA,NA,NA,NA,NA,NA,NA,NA,NA,NA
TZA,Tanzania,NA,2.7,NA,NA,NA,NA,NA,NA,NA,NA,4.1,NA,NA,9,4,NA,2.6,NA,NA,NA,NA,NA,NA,NA,NA,NA,NA,NA,7.7,NA,8.2,NA,NA,NA
THA,Thailand,NA,NA,NA,NA,1.5,NA,NA,1.6,NA,NA,NA,0.7,NA,NA,NA,NA,1.8,2.1,NA,NA,NA,NA,NA,NA,NA,NA,NA,NA,NA,NA,NA,NA,NA,NA
TLS,Timor-Leste,NA,NA,NA,16.2,NA,NA,NA,NA,NA,14.3,NA,NA,NA,NA,NA,NA,NA,NA,NA,NA,NA,NA,NA,NA,NA,NA,NA,NA,NA,NA,NA,NA,NA,NA
TUN,Tunisia,NA,NA,NA,NA,NA,NA,NA,NA,NA,NA,NA,NA,NA,NA,NA,NA,NA,0.7,NA,0.6,NA,NA,NA,NA,NA,NA,NA,NA,NA,NA,NA,NA,NA,NA
TUR,Turkiye,NA,NA,NA,NA,NA,NA,0.6,NA,NA,NA,NA,NA,NA,NA,NA,NA,NA,NA,NA,0.3,NA,2,0.8,0.3,NA,NA,NA,NA,NA,NA,NA,2.4,NA,NA
UGA,Uganda,4,NA,NA,NA,NA,NA,NA,NA,NA,2.3,NA,4.6,NA,NA,NA,NA,NA,NA,5.6,NA,NA,NA,NA,NA,NA,NA,7.3,NA,NA,NA,NA,NA,NA,NA
UKR,Ukraine,NA,NA,NA,NA,NA,NA,NA,NA,NA,NA,NA,NA,NA,NA,NA,NA,NA,NA,NA,NA,NA,NA,NA,NA,NA,NA,NA,NA,NA,NA,NA,NA,NA,NA
VEN,"Venezuela, RB",NA,NA,NA,NA,NA,NA,NA,NA,NA,NA,NA,NA,NA,NA,NA,NA,NA,NA,NA,NA,NA,NA,NA,NA,NA,NA,NA,NA,NA,NA,NA,NA,NA,NA
VNM,Viet Nam,NA,NA,NA,NA,NA,NA,NA,NA,NA,NA,1.8,NA,NA,NA,NA,NA,NA,NA,NA,NA,NA,NA,NA,NA,NA,NA,NA,NA,NA,NA,NA,NA,NA,NA
ZMB,Zambia,NA,NA,NA,NA,NA,7.4,NA,NA,NA,NA,NA,NA,NA,6.2,NA,3.4,NA,NA,NA,2.4,NA,NA,NA,NA,NA,NA,NA,3.5,NA,NA,NA,NA,NA,NA
ZWE,Zimbabwe,2,1.5,NA,NA,NA,NA,NA,1.5,NA,NA,NA,3.5,NA,NA,NA,NA,NA,NA,NA,NA,NA,NA,NA,NA,2.7,NA,NA,NA,2.7,NA,NA,NA,NA,NA
