isocode3,country,u5mort_2011_rto_GDL,u5mort_2015_rto_GDL,u5mort_2005_rto_GDL,u5mort_2009_rto_GDL,u5mort_2017_rto_GDL,u5mort_2002_rto_GDL,u5mort_2013_rto_GDL,u5mort_2019_rto_GDL,u5mort_2000_rto_GDL,u5mort_2016_rto_GDL,u5mort_2010_rto_GDL,u5mort_2006_rto_GDL,u5mort_2023_rto_GDL,u5mort_1996_rto_GDL,u5mort_2004_rto_GDL,u5mort_2014_rto_GDL,u5mort_2022_rto_GDL,u5mort_2012_rto_GDL,u5mort_2001_rto_GDL,u5mort_2018_rto_GDL,u5mort_2021_rto_GDL,u5mort_1998_rto_GDL,u5mort_2003_rto_GDL,u5mort_2008_rto_GDL,u5mort_1994_rto_GDL,u5mort_1997_rto_GDL,u5mort_1995_rto_GDL,u5mort_2007_rto_GDL,u5mort_1999_rto_GDL,u5mort_2020_rto_GDL,u5mort_1992_rto_GDL,u5mort_1993_rto_GDL,u5mort_2024_rto_GDL,u5mort_1991_rto_GDL
AFG,Afghanistan,102.172,62.047,NA,NA,NA,NA,NA,NA,NA,NA,NA,NA,NA,NA,NA,NA,NA,NA,NA,NA,NA,NA,NA,NA,NA,NA,NA,NA,NA,NA,NA,NA,NA,NA
ALB,Albania,NA,NA,19.48,21.933,5.783,NA,NA,NA,NA,NA,NA,NA,NA,NA,NA,NA,NA,NA,NA,NA,NA,NA,NA,NA,NA,NA,NA,NA,NA,NA,NA,NA,NA,NA
DZA,Algeria,NA,NA,NA,NA,NA,NA,26.383,18.702,NA,NA,NA,NA,NA,NA,NA,NA,NA,NA,NA,NA,NA,NA,NA,NA,NA,NA,NA,NA,NA,NA,NA,NA,NA,NA
AGO,Angola,101.47,NA,NA,NA,NA,NA,NA,NA,251.462,79.498,NA,NA,NA,NA,NA,NA,NA,NA,NA,NA,NA,NA,NA,NA,NA,NA,NA,NA,NA,NA,NA,NA,NA,NA
ARM,Armenia,NA,NA,NA,NA,NA,NA,NA,NA,47.963,10.508,21.284,NA,NA,NA,NA,NA,NA,NA,NA,NA,NA,NA,NA,NA,NA,NA,NA,NA,NA,NA,NA,NA,NA,NA
AZE,Azerbaijan,NA,NA,NA,NA,NA,NA,NA,NA,NA,NA,NA,58.043,13.726,NA,NA,NA,NA,NA,NA,NA,NA,NA,NA,NA,NA,NA,NA,NA,NA,NA,NA,NA,NA,NA
BGD,Bangladesh,63.574,NA,NA,NA,NA,NA,NA,45.333,NA,NA,NA,NA,NA,127.769,96.553,53.972,38.477,NA,NA,NA,NA,NA,NA,NA,NA,NA,NA,NA,NA,NA,NA,NA,NA,NA
BLR,Belarus,NA,NA,18.885,NA,NA,NA,NA,NA,NA,NA,NA,NA,NA,NA,NA,NA,NA,NA,NA,NA,NA,NA,NA,NA,NA,NA,NA,NA,NA,NA,NA,NA,NA,NA
BLZ,Belize,28.634,NA,NA,NA,NA,NA,NA,NA,NA,NA,NA,27.518,NA,NA,NA,NA,NA,NA,NA,NA,NA,NA,NA,NA,NA,NA,NA,NA,NA,NA,NA,NA,NA,NA
BTN,Bhutan,NA,NA,NA,NA,NA,NA,NA,NA,NA,NA,68.404,NA,NA,NA,NA,NA,NA,NA,NA,NA,NA,NA,NA,NA,NA,NA,NA,NA,NA,NA,NA,NA,NA,NA
BOL,Bolivia,NA,NA,NA,NA,NA,NA,NA,NA,NA,NA,NA,NA,NA,NA,NA,NA,NA,NA,NA,NA,NA,99.122,92.732,75.956,NA,NA,NA,NA,NA,NA,NA,NA,NA,NA
BIH,Bosnia and Herzegovina,NA,NA,NA,NA,NA,NA,NA,NA,NA,NA,NA,NA,NA,NA,NA,NA,NA,NA,NA,NA,NA,NA,NA,NA,NA,NA,NA,NA,NA,NA,NA,NA,NA,NA
BWA,Botswana,69.302,NA,NA,NA,NA,NA,NA,NA,NA,NA,NA,NA,NA,NA,NA,NA,NA,NA,70.801,NA,NA,NA,NA,NA,NA,NA,NA,NA,NA,NA,NA,NA,NA,NA
BRA,Brazil,NA,NA,NA,NA,NA,NA,NA,NA,41.052,NA,19.803,NA,NA,56.613,NA,NA,NA,NA,NA,NA,NA,NA,NA,NA,NA,NA,NA,NA,NA,NA,NA,NA,NA,NA
KHM,Cambodia,NA,NA,106.246,NA,NA,NA,NA,NA,121.621,NA,67.946,NA,NA,NA,NA,47.705,NA,NA,NA,NA,19.195,NA,NA,NA,NA,NA,NA,NA,NA,NA,NA,NA,NA,NA
CMR,Cameroon,128.299,NA,NA,NA,NA,NA,NA,NA,NA,NA,NA,NA,NA,NA,147.139,NA,NA,NA,NA,89.418,NA,146.318,NA,NA,NA,NA,NA,NA,NA,NA,NA,NA,NA,NA
CAF,Central African Republic,NA,NA,NA,NA,NA,NA,NA,99.659,NA,NA,180.196,174.805,NA,NA,NA,NA,NA,NA,NA,NA,NA,NA,NA,NA,158.462,NA,NA,NA,NA,NA,NA,NA,NA,NA
CHL,Chile,NA,NA,NA,NA,NA,25.738,NA,NA,NA,NA,NA,NA,NA,NA,NA,NA,NA,NA,NA,NA,NA,NA,NA,NA,NA,NA,NA,NA,NA,NA,NA,NA,NA,NA
COL,Colombia,NA,18.734,25.745,NA,NA,NA,NA,NA,27.987,NA,21.743,NA,NA,NA,NA,NA,NA,NA,NA,NA,NA,NA,NA,NA,NA,NA,37.29,NA,NA,NA,NA,NA,NA,NA
COD,"Congo, Dem. Rep.",NA,NA,NA,NA,NA,NA,111.549,NA,NA,NA,157.617,NA,NA,NA,NA,NA,NA,NA,NA,70.803,NA,NA,NA,NA,NA,NA,NA,155.146,NA,NA,NA,NA,NA,NA
COG,"Congo, Rep.",81.79,52.109,123.077,NA,NA,NA,NA,NA,NA,NA,NA,NA,NA,NA,NA,NA,NA,NA,NA,NA,NA,NA,NA,NA,NA,NA,NA,NA,NA,NA,NA,NA,NA,NA
CRI,Costa Rica,NA,NA,NA,NA,NA,NA,NA,NA,NA,NA,NA,NA,NA,NA,NA,NA,NA,NA,NA,17.89,NA,NA,NA,NA,NA,NA,NA,NA,NA,NA,NA,NA,NA,NA
SLV,El Salvador,NA,NA,NA,NA,NA,NA,NA,NA,NA,NA,NA,NA,NA,NA,NA,21.843,NA,NA,NA,NA,NA,NA,NA,NA,NA,NA,NA,NA,NA,NA,NA,NA,NA,NA
GNQ,Equatorial Guinea,NA,NA,NA,NA,NA,NA,NA,NA,191.611,NA,NA,NA,NA,NA,NA,NA,NA,NA,NA,NA,NA,NA,NA,NA,NA,NA,NA,NA,NA,NA,NA,NA,NA,NA
SWZ,Eswatini,NA,NA,NA,NA,NA,NA,NA,NA,89.07,NA,93.822,105.333,NA,NA,NA,88.582,45.727,NA,NA,NA,NA,NA,NA,NA,NA,NA,NA,NA,NA,NA,NA,NA,NA,NA
FJI,Fiji,NA,NA,NA,NA,NA,NA,NA,NA,NA,NA,NA,NA,NA,NA,NA,NA,NA,NA,NA,NA,16.604,NA,NA,NA,NA,NA,NA,27.435,NA,NA,NA,NA,NA,NA
GAB,Gabon,NA,NA,NA,NA,NA,NA,NA,NA,91.162,NA,NA,NA,NA,NA,NA,NA,NA,63.034,NA,NA,39.073,NA,NA,NA,NA,NA,NA,NA,NA,NA,NA,NA,NA,NA
GEO,Georgia,NA,NA,35.509,NA,NA,NA,NA,NA,NA,NA,NA,NA,NA,NA,NA,NA,NA,NA,NA,15.672,NA,NA,NA,NA,NA,NA,NA,NA,NA,NA,NA,NA,NA,NA
GTM,Guatemala,NA,38.537,NA,NA,NA,NA,NA,NA,NA,NA,NA,NA,NA,NA,NA,NA,NA,NA,NA,NA,NA,NA,NA,NA,NA,NA,79.111,NA,64.532,NA,NA,NA,NA,NA
GUY,Guyana,NA,NA,NA,39.31,NA,NA,NA,20.106,NA,NA,NA,46.675,NA,NA,NA,27.252,NA,NA,NA,NA,NA,NA,NA,NA,NA,NA,NA,NA,NA,NA,NA,NA,NA,NA
HND,Honduras,29.449,NA,37.307,NA,NA,NA,NA,24.478,NA,NA,NA,NA,NA,NA,NA,NA,NA,NA,NA,NA,NA,NA,NA,NA,NA,NA,NA,NA,NA,NA,NA,NA,NA,NA
IND,India,NA,NA,NA,NA,NA,NA,NA,42.252,NA,52.03,NA,85.271,NA,NA,NA,NA,NA,NA,NA,NA,NA,NA,NA,NA,NA,NA,NA,NA,101.24,NA,118.777,NA,NA,NA
IDN,Indonesia,NA,NA,NA,NA,34.073,NA,NA,NA,NA,NA,NA,NA,NA,NA,NA,NA,NA,42.727,NA,NA,NA,NA,54.421,NA,NA,70.601,NA,50.982,NA,NA,NA,NA,NA,NA
IRN,"Iran, Islamic Rep.",28.229,NA,NA,NA,NA,NA,NA,NA,NA,NA,NA,58.284,NA,NA,NA,NA,NA,NA,NA,NA,NA,NA,NA,NA,NA,NA,NA,NA,NA,NA,NA,NA,NA,NA
KAZ,Kazakhstan,NA,25.383,NA,NA,NA,NA,NA,NA,NA,NA,31.501,42.931,NA,NA,NA,NA,NA,NA,NA,NA,NA,NA,NA,NA,NA,NA,47.876,NA,62.972,NA,NA,NA,NA,NA
KEN,Kenya,NA,NA,NA,NA,NA,NA,NA,NA,NA,NA,NA,NA,NA,NA,NA,55.982,43.381,NA,NA,NA,NA,104.712,112.447,83.64,NA,NA,NA,NA,NA,NA,NA,93.058,NA,NA
KGZ,Kyrgyz Republic,NA,NA,NA,NA,NA,NA,NA,NA,NA,NA,NA,44.347,NA,NA,NA,29.911,NA,32.941,NA,19.679,NA,NA,NA,NA,NA,75.84,NA,NA,NA,NA,NA,NA,NA,NA
LAO,Lao PDR,NA,NA,NA,NA,58.584,NA,NA,NA,NA,NA,NA,NA,NA,NA,NA,NA,NA,121.054,NA,NA,NA,NA,NA,NA,NA,NA,NA,NA,NA,NA,NA,NA,NA,NA
LSO,Lesotho,NA,NA,NA,NA,NA,NA,NA,NA,NA,NA,104.777,NA,NA,NA,101.938,91.96,NA,NA,NA,79.289,NA,NA,NA,NA,NA,NA,NA,NA,NA,NA,NA,NA,58.286,NA
MDG,Madagascar,NA,NA,NA,81.336,NA,NA,NA,NA,NA,NA,NA,NA,NA,NA,111.316,NA,NA,NA,NA,68.87,69.157,NA,NA,NA,NA,163.799,NA,NA,NA,NA,177.209,NA,NA,NA
MWI,Malawi,NA,NA,NA,NA,NA,NA,NA,NA,202.71,74.548,127.183,NA,NA,NA,157.295,NA,NA,NA,NA,NA,NA,NA,NA,NA,NA,NA,NA,NA,NA,66.178,239.656,NA,NA,NA
MEX,Mexico,NA,NA,NA,NA,NA,NA,NA,NA,50.881,20.346,29.871,NA,NA,NA,NA,NA,NA,NA,NA,NA,NA,NA,NA,NA,NA,NA,NA,NA,NA,NA,NA,NA,NA,NA
MDA,Moldova,NA,NA,26.296,NA,NA,NA,NA,NA,NA,NA,NA,NA,NA,NA,NA,NA,NA,17.045,NA,NA,NA,NA,NA,NA,NA,NA,NA,NA,NA,NA,NA,NA,NA,NA
MNG,Mongolia,NA,NA,67.705,NA,NA,NA,NA,NA,NA,NA,45.239,NA,NA,NA,NA,NA,NA,NA,NA,17.061,NA,NA,NA,NA,NA,NA,NA,NA,NA,NA,NA,NA,NA,NA
MNE,Montenegro,NA,NA,NA,NA,NA,NA,4.99,NA,NA,NA,NA,NA,NA,NA,NA,NA,NA,NA,NA,6.06,NA,NA,NA,NA,NA,NA,NA,NA,NA,NA,NA,NA,NA,NA
MAR,Morocco,NA,NA,NA,NA,NA,NA,NA,NA,NA,NA,NA,NA,NA,NA,NA,NA,NA,NA,NA,NA,NA,NA,53.597,NA,NA,NA,NA,NA,NA,NA,83.91,NA,NA,NA
MOZ,Mozambique,107.703,NA,NA,NA,NA,NA,NA,NA,NA,NA,NA,NA,NA,NA,NA,NA,60.304,NA,NA,NA,NA,NA,177.944,NA,NA,218.064,NA,NA,NA,NA,NA,NA,NA,NA
MMR,Myanmar,NA,NA,NA,NA,NA,NA,NA,NA,NA,71.899,NA,NA,NA,NA,NA,NA,NA,NA,NA,NA,NA,NA,NA,NA,NA,NA,NA,NA,NA,NA,NA,NA,NA,NA
NAM,Namibia,NA,NA,NA,NA,NA,NA,58.848,NA,60.211,NA,NA,68.885,NA,NA,NA,NA,NA,NA,NA,NA,NA,NA,NA,NA,NA,NA,NA,NA,NA,NA,91.516,NA,NA,NA
NPL,Nepal,62.389,NA,NA,NA,NA,NA,NA,31.183,NA,46.131,NA,79.132,NA,NA,NA,NA,37.492,NA,108.447,NA,NA,NA,NA,NA,NA,NA,NA,NA,NA,NA,NA,NA,NA,NA
NIC,Nicaragua,NA,NA,NA,NA,NA,NA,NA,NA,NA,NA,NA,NA,NA,NA,NA,NA,NA,NA,44.605,NA,NA,56.062,NA,NA,NA,NA,NA,NA,NA,NA,NA,NA,NA,NA
NGA,Nigeria,NA,NA,NA,NA,NA,NA,143.842,NA,NA,NA,NA,NA,NA,NA,NA,NA,NA,NA,NA,128.747,110.824,NA,216.534,170.393,NA,NA,NA,NA,132.024,NA,NA,NA,NA,NA
MKD,North Macedonia,NA,NA,15.131,NA,NA,NA,NA,9.807,NA,NA,NA,NA,NA,NA,NA,NA,NA,NA,NA,NA,NA,NA,NA,NA,NA,NA,NA,NA,NA,NA,NA,NA,NA,NA
PAK,Pakistan,NA,NA,NA,NA,NA,NA,NA,NA,NA,NA,NA,NA,NA,NA,NA,NA,NA,96.953,NA,77.592,NA,NA,NA,NA,NA,NA,NA,93.311,NA,NA,NA,NA,NA,120.429
PNG,Papua New Guinea,NA,NA,NA,NA,51.881,NA,NA,NA,NA,NA,NA,NA,NA,NA,NA,NA,NA,NA,NA,NA,NA,NA,NA,NA,NA,NA,NA,NA,NA,NA,NA,NA,NA,NA
PRY,Paraguay,NA,NA,NA,NA,NA,49.623,NA,NA,NA,NA,NA,NA,NA,NA,NA,NA,NA,NA,NA,NA,NA,NA,NA,NA,NA,NA,NA,NA,NA,NA,NA,NA,NA,NA
PER,Peru,25.894,NA,NA,30.771,NA,NA,NA,NA,60.358,NA,27.119,31.396,NA,68.319,40.723,NA,NA,25.23,NA,NA,NA,NA,NA,33.296,NA,NA,NA,NA,NA,NA,NA,NA,NA,NA
PHL,Philippines,NA,NA,NA,NA,27.964,NA,32.324,NA,NA,NA,NA,NA,NA,NA,NA,NA,22.716,NA,NA,NA,NA,54.933,41.522,37.28,NA,NA,NA,NA,NA,NA,NA,NA,NA,NA
RWA,Rwanda,NA,67.114,182.244,NA,NA,NA,NA,NA,206.254,NA,102.065,NA,NA,NA,NA,NA,NA,NA,NA,NA,NA,NA,NA,NA,NA,NA,NA,NA,NA,49.748,162.385,NA,NA,NA
SRB,Serbia,NA,NA,27.794,NA,NA,NA,NA,2.12,NA,NA,6.911,NA,NA,NA,NA,6.807,NA,NA,NA,NA,NA,NA,NA,NA,NA,NA,NA,NA,NA,NA,NA,NA,NA,NA
SOM,Somalia,74.335,NA,NA,NA,NA,NA,NA,NA,NA,NA,NA,156.924,NA,NA,NA,NA,NA,NA,NA,NA,NA,NA,NA,NA,NA,NA,NA,NA,NA,NA,NA,NA,NA,NA
ZAF,South Africa,NA,NA,NA,NA,NA,NA,NA,NA,NA,50.522,NA,NA,NA,NA,NA,NA,NA,NA,NA,NA,NA,56.792,NA,NA,NA,NA,NA,NA,NA,NA,NA,NA,NA,NA
SSD,South Sudan,NA,NA,NA,NA,NA,NA,NA,NA,NA,NA,104.749,NA,NA,NA,NA,NA,NA,NA,NA,NA,NA,NA,NA,NA,NA,NA,NA,NA,NA,NA,NA,NA,NA,NA
SUR,Suriname,NA,NA,NA,NA,NA,NA,NA,NA,NA,NA,NA,38.178,NA,NA,NA,NA,NA,NA,NA,18.368,NA,NA,NA,NA,NA,NA,NA,NA,NA,NA,NA,NA,NA,NA
SYR,Syrian Arab Republic,NA,NA,NA,NA,NA,NA,NA,NA,NA,NA,NA,21.98,NA,NA,NA,NA,NA,NA,NA,NA,NA,NA,NA,NA,NA,NA,NA,NA,NA,NA,NA,NA,NA,NA
TZA,Tanzania,NA,78.051,NA,NA,NA,NA,NA,NA,NA,NA,92.35,NA,NA,144.626,132.222,NA,46.891,NA,NA,NA,NA,NA,NA,NA,NA,NA,NA,NA,161.054,NA,153.464,NA,NA,NA
THA,Thailand,NA,NA,NA,NA,5.874,NA,NA,5.704,NA,NA,NA,12.965,NA,NA,NA,NA,5.125,7.56,NA,NA,NA,NA,NA,NA,NA,NA,NA,NA,NA,NA,NA,NA,NA,NA
TLS,Timor-Leste,NA,NA,NA,80.481,NA,NA,NA,NA,NA,40.541,NA,NA,NA,NA,NA,NA,NA,NA,NA,NA,NA,NA,NA,NA,NA,NA,NA,NA,NA,NA,NA,NA,NA,NA
TUN,Tunisia,NA,NA,NA,NA,NA,NA,NA,NA,NA,NA,NA,NA,NA,NA,NA,NA,NA,NA,NA,15.573,NA,NA,NA,NA,NA,NA,NA,NA,NA,NA,NA,NA,NA,NA
TUR,Turkiye,NA,NA,NA,NA,NA,NA,20.052,NA,NA,NA,NA,NA,NA,NA,NA,NA,NA,NA,NA,16.251,NA,59.65,46.687,32.955,NA,NA,NA,NA,NA,NA,NA,80.467,NA,NA
UGA,Uganda,106.26,NA,NA,NA,NA,NA,NA,NA,NA,73.224,NA,143.797,NA,NA,NA,NA,NA,NA,155.934,NA,NA,NA,NA,NA,NA,NA,155.292,NA,NA,NA,NA,NA,NA,NA
UKR,Ukraine,NA,NA,29.241,NA,NA,NA,NA,NA,NA,NA,NA,NA,NA,NA,NA,NA,NA,10.959,NA,NA,NA,NA,NA,NA,NA,NA,NA,19.014,NA,NA,NA,NA,NA,NA
VEN,"Venezuela, RB",NA,NA,NA,NA,NA,NA,NA,NA,NA,NA,NA,NA,NA,NA,NA,NA,NA,NA,31.1,NA,NA,NA,NA,NA,NA,NA,NA,NA,NA,NA,NA,NA,NA,NA
VNM,Viet Nam,NA,NA,NA,NA,NA,32.951,NA,NA,NA,NA,16.567,26.978,NA,NA,NA,15.963,NA,NA,NA,NA,13.201,NA,NA,NA,NA,45.851,NA,NA,NA,NA,NA,NA,NA,NA
ZMB,Zambia,NA,NA,NA,NA,NA,167.55,NA,NA,NA,NA,NA,NA,NA,191.742,NA,80.562,NA,NA,NA,64.27,NA,NA,NA,NA,NA,NA,NA,136.845,NA,NA,NA,NA,NA,NA
ZWE,Zimbabwe,77.473,82.025,NA,NA,NA,NA,NA,70.354,NA,NA,NA,68.703,NA,NA,NA,NA,NA,NA,NA,NA,NA,NA,NA,NA,75.907,NA,NA,NA,90.235,NA,NA,NA,NA,NA
