"gdlcode","ID","overlap_area_m2","gdl_area_m2","pct_overlap"
"ARMr102","ARM001",1200939655.23521,2223512442.30627,0.540109257940365
"ARMr105","ARM001",1511435525.94685,3582284336.87064,0.421919474786077
"ARMr106","ARM001",496325911.299181,1971830725.38962,0.251708173986948
"ARMr107","ARM002",774225898.248474,2984910232.06448,0.25937996055345
"ARMr108","ARM001",3407610824.46626,4497277559.33895,0.757705251567158
"ARMr109","ARM001",2283999426.25383,2313433257.91533,0.987276991216068
"ARMr110","ARM001",1743558760.44108,2518324864.97597,0.692348626140306
"AUSr101","AUS003",800834450567.602,800951037755.512,0.999854439057553
"AUSr102","AUS003",227435068454.183,227496511656.204,0.999729915849812
"AUSr104","AUS004",983808153470.336,984185589411.001,0.999616499220547
"AUSr106","AUS004",67037435380.8532,68153614115.6462,0.983622603888635
"AUSr108","AUS003",2357948261.01903,2357948261.01909,0.999999999999973
"AUTr101","AUT001",3946753097.05477,3965304754.09062,0.995321505360537
"AUTr102","AUT001",19179154986.7219,19199543885.9031,0.998938052940091
"AUTr103","AUT001",414967396.428474,414967396.428467,1.00000000000002
"AUTr104","AUT001",9539466570.72684,9545135040.97264,0.999406140382355
"AUTr105","AUT001",16410044482.578,16417082474.3116,0.9995713007019
"AUTr106","AUT001",11968843721.4912,11987563622.5175,0.998438389850031
"AUTr107","AUT001",7151760968.53748,7162332088.44266,0.998524067332449
"AUTr108","AUT001",12612114171.9094,12651213534.0779,0.996909437812968
"AUTr109","AUT001",2588071176.5776,2603752635.87486,0.99397736210376
"AZEr103","AZE003",3459129508.52189,12032996030.3414,0.287470344027344
"AZEr104","AZE001",2860312369.49091,8720661124.91365,0.327992606124715
"AZEr105","AZE002",2947626143.28821,5584994690.61608,0.527775997395452
"AZEr106","AZE001",2912842335.52911,7332717097.54946,0.397239153887794
"AZEr110","AZE004",3177689944.61321,5392618517.53292,0.589266593637515
"BGRr101","BGR001",19272681709.5856,19274309620.9301,0.999915539836368
"BGRr102","BGR001",14989367117.5133,14989812531.986,0.9999702855208
"BGRr103","BGR001",14536729432.3505,14538195512.1889,0.999899156684395
"BGRr104","BGR001",19671785061.027,19675557473.8639,0.999808269074869
"BGRr105","BGR001",20666743947.7648,20669668715.373,0.999858499541115
"BGRr106","BGR001",22437122713.0984,22440123917.6098,0.999866257222001
"BIHr104","BIH001",5767562606.65695,10319653380.6863,0.558891117162053
"BLZr101","GTM002",6464354950.92913,6664509063.23792,0.96996716331097
"BLZr101","GTM003",6591349240.24666,6664509063.23792,0.98902247377908
"BLZr102","GTM002",3112199317.04888,3354846743.18983,0.927672575018959
"BLZr102","GTM003",3354846743.18954,3354846743.18983,0.999999999999915
"BLZr103","GTM002",5292208643.95535,5292208643.95497,1.00000000000007
"BLZr103","GTM003",5268632718.76951,5292208643.95497,0.99554516331997
"BLZr104","GTM002",6674147049.87394,6730851669.41023,0.991575416853414
"BLZr104","GTM003",6722833641.52472,6730851669.41023,0.998808764733005
"BOLr101","BOL001",30546035675.2059,54449773757.7228,0.560994721688325
"BOLr102","BOL001",81118370317.5858,131218825551.572,0.618191558845378
"BOLr106","BOL003",15474580255.3849,37259507533.9731,0.415318969024892
"BOLr107","BOL002",109652366126.212,368671582596.929,0.297425598560701
"BOLr107","BOL003",165136652306.204,368671582596.929,0.447923463867161
"BOLr108","BOL001",205574438330.67,206788764593.253,0.99412769709722
"BOLr109","BOL001",63379094415.0809,63643832385.794,0.995840320094046
"BRAr101","BRA010",237147099970.856,237445629988.287,0.998742743686435
"BRAr102","BRA001",163951917805.228,164271703566.73,0.998053311954776
"BRAr103","BRA012",425757976712.398,1558171592932.55,0.273242034859012
"BRAr104","BRA005",223797945718.467,224353156427.283,0.997525282382214
"BRAr106","BRA005",141517038274.197,142155534716.272,0.995508465826893
"BRAr107","BRA004",252807907528.044,277423585503.079,0.911270420896633
"BRAr107","BRA006",277397738451.608,277423585503.079,0.999906831816683
"BRAr108","BRA004",217061053043.51,329651532535.831,0.658456071396897
"BRAr108","BRA006",239214843001.65,329651532535.831,0.72565973275325
"BRAr109","BRA004",133016152674.243,251755485077.285,0.528354536678353
"BRAr109","BRA006",82236397100.9372,251755485077.285,0.326651858551133
"BRAr117","BRA004",317140711947.319,586514030308.059,0.540721441532686
"BRAr118","BRA003",16541660841.275,46074443694.4913,0.359020305290258
"BRAr118","BRA009",46008861338.8238,46074443694.4913,0.998576600162504
"BRAr119","BRA002",25071626743.5987,43750424618.968,0.573060192259914
"BRAr120","BRA002",63938935533.7946,248219486152.593,0.257590314623761
"BRAr121","BRA002",73515252999.077,199319274698.936,0.36883163010762
"BRAr122","BRA002",33090375247.0318,95652313675.5991,0.345944326650127
"BRAr124","BRA004",222095519271.196,357038721416.524,0.622048830978469
"BRAr124","BRA007",97351748413.5604,357038721416.524,0.272664399052643
"BRAr125","BRA004",337735453071.01,902966581512.51,0.374028740360787
"BRAr125","BRA013",291106099455.506,902966581512.51,0.322388563891135
"BRAr126","BRA004",334703532528.711,340242898576.185,0.983719377918969
"BRAr127","BRA004",5760786054.82723,5760786054.82653,1.00000000000012
"BTNr101","BTN001",1904882593.50361,2716962587.55884,0.701107406567245
"BTNr101","BTN002",802337762.896261,2716962587.55884,0.295306886657263
"BTNr102","BTN002",1879667031.41678,1879670382.41585,0.999998217241116
"BTNr103","BTN002",1601137807.46229,1722822267.81779,0.929369115649037
"BTNr104","BTN001",3079302768.78634,3134403576.04227,0.982420640508104
"BTNr105","BTN001",663018125.014493,1904537316.91357,0.348125562637417
"BTNr105","BTN002",1241515095.30447,1904537316.91357,0.651872286396798
"BTNr106","BTN001",2207152157.65187,2857814179.81593,0.772321788183593
"BTNr107","BTN002",1474510869.14759,1943555975.43958,0.758666530720371
"BTNr108","BTN001",352827632.926153,1287001228.09652,0.274147083331059
"BTNr108","BTN002",934170283.735274,1287001228.09652,0.725850343683753
"BTNr109","BTN002",869015880.939286,1021675420.94288,0.850579218336579
"BTNr110","BTN001",649024317.960368,1109560456.23415,0.584938219737172
"BTNr110","BTN002",460534511.301466,1109560456.23415,0.415060313941361
"BTNr111","BTN001",650098786.341557,1875613331.04552,0.346605974472987
"BTNr111","BTN002",1220888910.4129,1875613331.04552,0.650927827289619
"BTNr112","BTN002",1303698075.3363,1304563846.66841,0.999336351889314
"BTNr113","BTN001",985389892.464875,1655303303.43092,0.595292651456971
"BTNr113","BTN002",669908417.723906,1655303303.43092,0.404704332031113
"BTNr114","BTN001",895263639.318838,1795770203.89345,0.498540201512308
"BTNr114","BTN002",900504799.557197,1795770203.89345,0.501458815612817
"BTNr115","BTN001",739957206.754564,2202326844.45171,0.33598882410153
"BTNr115","BTN002",1462073828.41156,2202326844.45171,0.663876859193241
"BTNr116","BTN001",768426403.265244,1448267432.67053,0.53058322374087
"BTNr116","BTN002",679834593.023762,1448267432.67053,0.469412332065067
"BTNr117","BTN001",1253324085.51563,1813595756.56019,0.691071359745998
"BTNr117","BTN002",555763394.735559,1813595756.56019,0.306442818210858
"BTNr118","BTN002",562259076.877145,637830094.014001,0.881518577053536
"BTNr119","BTN001",2646868479.12952,4035590190.42525,0.655881383944639
"BTNr119","BTN002",1318230804.76912,4035590190.42525,0.326651305649597
"BTNr120","BTN001",1267749136.44122,2416158948.92215,0.524696083015053
"BTNr120","BTN002",1148403685.90766,2416158948.92215,0.475301381318461
"CANr102","CAN001",2052557818087.97,3904375830083.48,0.52570702909102
"CANr104","CAN005",31766682010.9349,72969150293.016,0.435344003368165
"CANr110","CAN002",264156579290.716,948848867628.72,0.278396895757354
"CHEr101","CHE001",8667678429.28867,8699695744.25292,0.996319720148213
"CHEr102","CHE001",10077947119.6553,10084837421.1934,0.999316766225341
"CHEr103","CHE001",1918891935.56568,1919895973.94083,0.999477035011909
"CHEr104","CHE001",1737817918.03153,1737955946.39504,0.999920580056242
"CHEr105","CHE001",11411068008.0334,11462758999.4876,0.995490527938655
"CHEr106","CHE001",4476074103.8437,4476074103.84374,0.999999999999991
"CHEr107","CHE001",2825144237.85472,2854203882.66408,0.989818651363396
"CHLr107","CHL003",30295427113.1005,30307381637.8847,0.999605557321743
"CHLr108","CHL003",37063983187.9476,37076533630.5548,0.999661499029756
"CHLr109","CHL003",31792639380.0314,31796976701.1476,0.99986359328571
"CHLr110","CHL003",66392434297.0084,66526681865.5808,0.997982049234867
"CHLr111","CHL003",106162770152.267,106587090711.688,0.996019024850117
"CHNr105","CHN004",324192103936.475,1146484630506.3,0.282770562561582
"CHNr107","CHN002",133628991941.821,191009577479.646,0.699593149752193
"CHNr108","CHN002",155959331957.499,454833936232.802,0.34289290999094
"CHNr108","CHN004",188830323119.779,454833936232.802,0.41516322349159
"CHNr109","CHN009",5197230956.70628,6883763602.13814,0.754998465533009
"CHNr109","CHN010",1745984223.45885,6883763602.13814,0.253638027737695
"CHNr117","CHN001",171771195894.262,186016812783.507,0.923417584270597
"CMRr103","CMR006",32132006228.3238,108939734103.048,0.294952126447541
"CMRr109","CMR006",17066619148.8277,47275295314.8421,0.361005024615249
"COGr209","COG001",20700193694.2318,57694747389.7485,0.358788184899998
"COLr101","COL001",17589434664.3642,62926081848.3408,0.279525343827331
"COLr101","COL004",34768622276.1969,62926081848.3408,0.552531180313965
"COLr103","COL004",1261530785.38117,1634775679.11857,0.771684336569872
"COLr104","COL004",7587371452.75138,26619008587.0403,0.285035839255312
"COLr105","COL004",11306405393.8604,23082707709.3081,0.489821451462607
"COLr105","COL005",10768258044.6721,23082707709.3081,0.466507577026146
"COLr106","COL004",6783724399.11769,7405370352.23708,0.916054711168957
"COLr107","COL003",89671214023.8355,89882953071.4864,0.997644280250979
"COLr108","COL001",10128281665.8097,30517681861.7542,0.331882405475327
"COLr108","COL004",15847621639.2646,30517681861.7542,0.519293100670448
"COLr109","COL004",6718714472.10731,22371705613.7663,0.300321959715624
"COLr111","COL004",15265490660.2344,22358839304.747,0.682749692511696
"COLr111","COL005",6747931275.55648,22358839304.747,0.301801501570962
"COLr112","COL001",47342648512.4867,47548350335.0593,0.995673838921371
"COLr113","COL004",18015830052.6718,18703104220.1572,0.963253470686177
"COLr116","COL003",33316594367.0807,85375756142.612,0.390234837995795
"COLr116","COL005",81541057537.1923,85375756142.612,0.955084455134849
"COLr117","COL001",20402301174.3043,31334833495.9881,0.651106098167603
"COLr118","COL004",11395375765.7422,21937155519.597,0.519455485263914
"COLr119","COL004",1933745988.22648,1933745988.2265,0.999999999999989
"COLr120","COL001",1002340122.2607,3538244308.63669,0.283287425860909
"COLr120","COL004",2535904186.37282,3538244308.63669,0.716712574138194
"COLr121","COL004",21155664079.6743,30588309719.2544,0.691625796712706
"COLr123","COL004",23946253654.0513,23972699136.7318,0.998896850015528
"COLr124","COL001",9897041130.89876,20895116112.3404,0.47365332059838
"COLr124","COL004",10827226673.4949,20895116112.3404,0.518170208544594
"COLr125","COL005",23715441713.1725,23732172158.9877,0.999295030994083
"COLr126","COL005",44377451078.8242,44379709112.1426,0.999949120141533
"COLr127","COL003",25619949906.1469,25888987896.6194,0.989608014359356
"COLr129","COL003",108431382236.654,109173164835.83,0.993205449340127
"COLr130","COL003",70121321740.1905,71034627931.9,0.987142803189101
"COLr130","COL005",41377401513.9958,71034627931.9,0.582496209505931
"COLr131","COL003",55425621606.0072,55427284613.2509,0.999969996595444
"COLr131","COL005",30455857568.3469,55427284613.2509,0.549474104330665
"COLr132","COL003",52747264575.0515,53189151422.0769,0.991692162119323
"COLr133","COL003",37701931665.9146,99356928830.9861,0.379459511374879
"COLr133","COL005",99245135563.6134,99356928830.9861,0.998874831693289
"DEUr101","DEU001",36026920213.7379,36071780723.6661,0.998756354440279
"DEUr102","DEU001",70466012653.3573,70531935146.2037,0.999065352556827
"DEUr103","DEU001",891862404.052137,891862404.052138,1
"DEUr104","DEU001",29638359917.9109,29654222163.0622,0.999465093197724
"DEUr105","DEU001",389485986.956327,399805436.855719,0.974188820490913
"DEUr106","DEU001",672294194.858209,736381030.379889,0.912970550737003
"DEUr107","DEU001",21115145951.044,21115145951.0444,0.999999999999982
"DEUr108","DEU001",22071930779.3091,23376542775.8611,0.944191405501625
"DEUr109","DEU001",47438903314.7351,47672270029.6861,0.995104770240526
"DEUr110","DEU001",34086437182.0758,34115672367.6548,0.999143057030683
"DEUr111","DEU001",19834793089.3369,19856381595.493,0.998912767361349
"DEUr112","DEU001",2560852433.13417,2571007689.35037,0.996050087186334
"DEUr113","DEU001",18401752564.594,18448851163.3704,0.997447071453969
"DEUr114","DEU001",20544571898.2671,20552381077.461,0.99962003530567
"DEUr115","DEU001",15163685774.375,15628667598.0232,0.970248146828142
"DEUr116","DEU001",16201007024.0211,16201007024.0212,0.999999999999994
"ECUr103","ECU003",41111306732.6418,115998959177.902,0.354410996650337
"ECUr104","ECU001",7988527235.66642,7988527235.6656,1.0000000000001
"ESPr101","ESP001",25953447904.4205,29606203965.7244,0.876621938241971
"ESPr102","ESP001",9737210114.28017,10602780217.8663,0.918363854970078
"ESPr103","ESP001",3932073118.70229,5309613138.75105,0.740557365659075
"ESPr104","ESP001",2698338298.90773,7233341371.97818,0.373041746565569
"ESPr108","ESP004",7841173231.55018,8028466643.65775,0.976671334587218
"ESPr110","ESP005",25178671311.7733,79458848160.8168,0.316876872677718
"ESPr111","ESP005",39416951007.58,41636774643.8481,0.946685984799352
"ESPr114","ESP003",5029748435.41291,5029748435.41301,0.999999999999981
"ESPr115","ESP006",26116068125.6756,87544502540.4054,0.298317625525623
"FJIr108","FJI001",2741699584.26815,2864924076.28145,0.956988566282274
"FJIr110","FJI001",978745670.39358,1298799824.60204,0.753576996126769
"FRAr110","FRA001",8318330085.43743,8329940870.55646,0.998606138350865
"FRAr111","FRA001",16287432110.1936,16306887122.4135,0.998806945061075
"FRAr118","FRA001",24768281631.871,45038882423.1991,0.549931088412467
"FRAr121","FRA001",22997364840.7668,31941567749.7169,0.719982344666556
"FRAr127","FRA002",82882968661.7452,83300943271.2141,0.99498235442415
"GABr105","GAB001",8455606141.83824,21815745778.8914,0.38759189016677
"GABr106","GAB002",35372909738.8042,43483542030.9004,0.813478113481817
"GABr108","GAB001",10446813263.5956,22899872970.9114,0.456195249504905
"GABr109","GAB002",22874503266.5524,37514252967.7697,0.609754998618924
"GBRr106","GBR001",6962876259.98015,20102808878.2131,0.346363351617313
"GEOr102","GEO003",2724693196.74234,2844410233.74959,0.957911472970115
"GEOr103","GEO003",613291347.20926,1926847619.62401,0.318287414616073
"GEOr104","GEO001",3371655704.50147,11463752209.7386,0.29411449609293
"GEOr105","GEO005",4180763545.31768,11531591686.3781,0.362548697440985
"GEOr107","GEO004",2755412606.60277,7010638937.13078,0.393033021856132
"GEOr108","GEO001",4241660130.49664,7622001804.78984,0.556502115734358
"GEOr109","GEO003",2121830896.04174,6336870531.72425,0.334838921738928
"GEOr109","GEO006",2214090226.48898,6336870531.72425,0.349398053093334
"GIBt","ESP007",7208062.95646863,7208062.95646953,0.999999999999876
"GRCr101","GRC001",2889938160.10026,3846700057.00076,0.751277229125454
"GRCr102","GRC006",5416430982.25496,5450223499.14281,0.993799792450133
"GRCr103","GRC006",3882162605.41863,3882214599.71014,0.999986607053737
"GRCr104","GRC006",8372346318.24696,8372346318.247,0.999999999999995
"GRCr105","GRC004",14043855791.0922,14183038744.2427,0.990186661993926
"GRCr107","GRC005",9415797914.11202,9520894855.4893,0.988961442913459
"GRCr108","GRC002",9077008004.21356,9227198996.1201,0.983723013671896
"GRCr110","GRC003",2338196482.57443,2338413644.16145,0.999907132945636
"GTMr101","GTM003",1415422940.7837,2212158665.6629,0.639837893526297
"GTMr102","GTM003",5601798294.0885,12864928241.6427,0.435431755923517
"GTMr103","GTM003",14955609608.834,15561488116.7459,0.961065516140463
"GTMr108","GTM002",20939929291.6631,36148532895.6565,0.579274665229338
"GUYr101","GUY002",19218692660.1355,19492606022.5247,0.985947832625732
"GUYr102","GUY002",5815135736.75577,5948168626.51678,0.977634647214278
"GUYr103","GUY002",3116652175.08849,3284525894.24308,0.948889512654223
"GUYr104","GUY002",2060700785.38117,2113885497.05326,0.974840306276649
"GUYr105","GUY002",3954601490.80078,4025225283.02462,0.982454698244671
"GUYr106","GUY002",35121133811.5145,35196036779.8297,0.997871835150537
"GUYr107","GUY002",46968946395.8432,47224881985.4387,0.994580492764928
"GUYr108","GUY002",19338951490.3441,19343882490.1416,0.999745087378399
"GUYr109","GUY002",56510169629.5461,56538193046.3537,0.999504345376151
"GUYr110","GUY002",16572602002.0523,16576606925.0121,0.999758399111593
"HNDr101","GTM003",4452325240.41671,4452325240.41708,0.999999999999917
"HNDr102","GTM003",8414692234.51763,8414692234.51806,0.999999999999948
"HNDr103","GTM003",4777512363.55243,4925951305.23397,0.969865934012824
"HNDr104","GTM003",3320206293.26768,3320206293.26762,1.00000000000002
"HNDr105","GTM003",3948229059.04966,3948229059.04989,0.999999999999941
"HNDr107","GTM003",3482210612.35995,7373700701.47155,0.472247349511354
"HNDr108","GTM003",3921819727.25773,8556510437.84724,0.458343358048241
"HNDr109","GTM003",6062389725.85259,16346758414.5957,0.370861890296218
"HNDr110","GTM003",1493564986.59781,3148789788.94291,0.474329849468679
"HNDr111","GTM003",231708140.256353,231708140.256427,0.999999999999679
"HNDr112","GTM003",818416701.022845,2447047699.10578,0.334450653055074
"HNDr113","GTM003",1852824015.46435,4249827399.07219,0.435976297735963
"HNDr114","GTM003",866301584.916731,1694384812.91093,0.511277944842079
"HNDr115","GTM003",22897457476.2234,24261866928.2787,0.943763212613082
"HNDr116","GTM003",5089777143.40468,5089777143.40448,1.00000000000004
"HNDr118","GTM003",7788094874.9143,7788094874.91385,1.00000000000006
"HUNr101","HUN001",7056054062.89402,7056151239.39398,0.999986228115489
"HUNr102","HUN001",10892611019.8132,10892654051.7976,0.999996049449085
"HUNr103","HUN001",11412076298.7067,11428943925.4523,0.998524130763468
"HUNr104","HUN001",14187780999.1372,14187908547.4955,0.999991010066221
"HUNr105","HUN001",13403767037.2502,13404161234.157,0.999970591452917
"HUNr106","HUN001",17773154490.4244,17774602509.9063,0.999918534353657
"HUNr107","HUN001",18294169951.2804,18295293446.5677,0.999938591021203
"IDNr123","IDN010",125578797961.109,195976457433.564,0.64078512085402
"INDr102","IND002",25226106418.0205,78492496811.8755,0.321382392491354
"INDr102","IND004",26627914641.1028,78492496811.8755,0.339241529097009
"INDr111","IND001",93641259722.6825,308054121458.596,0.30397664955529
"INDr120","IND003",7032614706.83213,7083057600.18282,0.992878373126685
"INDr127","IND006",18452633594.4178,53815379810.6299,0.342887733197285
"ITAr104","ITA002",7984846171.52813,23899339215.9505,0.334103219314073
"ITAr104","ITA006",13515940135.0284,23899339215.9505,0.565536143610525
"ITAr105","ITA001",10775454515.9003,10783543275.4577,0.999249897797895
"ITAr106","ITA001",3697330367.9913,4432769640.35696,0.834090347111644
"ITAr107","ITA001",3471698022.78563,13634134581.3008,0.254632811645196
"ITAr111","ITA007",25603282371.7212,25743764236.3566,0.994543072126297
"ITAr114","ITA002",13568440540.164,13595170215.3683,0.998033884476557
"ITAr115","ITA002",6318695047.48685,17896289271.3638,0.353072916495462
"ITAr115","ITA006",8430019025.34671,17896289271.3638,0.471048433422215
"ITAr116","ITA002",3802943584.94167,7794427498.92,0.487905440838163
"ITAr118","ITA001",13486750897.4876,23017865288.9421,0.585925355292037
"ITAr119","ITA001",8432378990.12394,8451969247.50117,0.997682166510127
"ITAr121","ITA001",7911108006.77295,17233603544.4251,0.459051293966438
"JPNr110","JPN001",14800325182.9463,44728298320.1958,0.330893991919733
"JPNr110","JPN002",11423445854.5694,44728298320.1958,0.25539638849644
"KENr103","KEN009",29756945908.6145,84405166798.4786,0.352548866820685
"KGZr102","KGZ001",11633531758.5729,42244339480.6709,0.27538675954197
"KHMr115","KHM002",24252781276.6526,38049244803.5591,0.63740506288272
"KHMr116","KHM001",25384052680.1512,25443891298.9578,0.99764821276339
"LAOr108","LAO003",5865701519.85841,15606993000.0106,0.3758380310579
"LAOr110","LAO002",3531333071.90806,11354874149.21,0.310997112385762
"LAOr111","LAO001",11393458815.9631,15836291566.5879,0.719452453123654
"LAOr111","LAO002",4118478308.51605,15836291566.5879,0.260065829881877
"LAOr112","LAO001",12409675128.2695,16557997662.0322,0.749467138573475
"LAOr113","LAO001",7304873145.89567,21425345772.0021,0.340945402871465
"LAOr113","LAO002",14171268762.6952,21425345772.0021,0.661425440387232
"LAOr114","LAO001",8074907773.33335,10180846223.4658,0.793147013135463
"LAOr114","LAO002",6917833122.18437,10180846223.4658,0.679494903502176
"LAOr115","LAO001",8356281884.95096,8365299810.25311,0.998921984207775
"LAOr116","LAO001",6684982916.40363,14854568891.5204,0.45002873965731
"LAOr116","LAO002",11483201671.0834,14854568891.5204,0.773041732475891
"LAOr117","LAO001",9435720234.70679,9440622309.44586,0.999480746652246
"LAOr117","LAO002",6800998380.01137,9440622309.44586,0.720397253177537
"MARr101","MAR001",13584119156.5949,30586302565.2165,0.44412426535148
"MARr102","MAR001",18216124319.1087,40925484371.5064,0.445104672525057
"MDGr117","MDG002",16985561086.661,66659927005.1646,0.254809176213844
"MDGr121","MDG004",6815870271.83385,20100301583.2762,0.339092935675392
"MDGr122","MDG004",6748598983.66735,23756482873.7274,0.28407399443504
"MEXr104","MEX002",16761859231.197,55538437869.2879,0.301806458270338
"MEXr106","MEX001",102489998605.61,247393528640.929,0.414279222131011
"MEXr108","MEX005",2928293072.48613,5763703425.94978,0.508057555373538
"MEXr116","MEX005",15071888246.7375,58595970394.9571,0.257217145567311
"MEXr118","MEX005",13028618238.8438,28070466712.4887,0.464139708551668
"MEXr122","MEX003",3758846417.95151,11690597893.8115,0.321527303572838
"MEXr131","MEX002",39436205817.9696,39436210392.7095,0.999999883996463
"MMRr101","MNR005",56643443343.7822,88744168586.6295,0.638277920069627
"MMRr102","MNR002",9309286701.02994,11668294719.3447,0.79782752535349
"MMRr103","MNR002",19075146036.6767,29954092444.4689,0.636812685012559
"MMRr106","MNR002",27292637310.6819,41300919024.2864,0.660823970881443
"MMRr107","MNR001",17777998555.1921,38520369715.0786,0.461522012553088
"MMRr112","MNR003",9350640304.2846,9555559542.78774,0.978554972360796
"MMRr114","MNR003",32308782074.3493,33762907388.8809,0.956931276747498
"MNGr101","MNG001",114515537752.443,415190759877.82,0.275814273386387
"MNGr104","MNG002",284673518435.699,288327561422.132,0.987326764848944
"MYSr110","MYS004",4985018774.94011,7886154950.29177,0.63212285408565
"MYSr112","MYS006",73616614806.0091,73916326337.1047,0.995945259377087
"MYSr113","MYS005",50825136517.5663,123795562568.567,0.410557014023952
"MYSr114","MYS004",271791687.21962,271957017.022831,0.999392073773197
"MYSr115","MYS006",70418215.2800213,90646441.5055597,0.776844784091191
"NAMr101","NAM001",14364792384.5112,14531637949.6081,0.988518461189618
"NAMr102","NAM001",56311051585.5661,63612427459.0119,0.885220920422345
"NAMr103","NAM001",65929578252.6844,109693509505.445,0.601034450898042
"NAMr104","NAM001",132740474209.251,161187473370.932,0.823516067553111
"NAMr105","NAM001",12788539125.3949,37074064027.329,0.344945704252113
"NAMr106","NAM001",98440080332.5029,115331899822.579,0.853537316942997
"NAMr107","NAM001",6534923835.98686,10650651308.4744,0.613570348583961
"NAMr108","NAM001",42424317677.6563,48685493695.5287,0.871395449802177
"NLDr101","NLD001",2373649858.05409,2374129438.90911,0.999797997174389
"NLDr102","NLD001",3578649333.88797,3579959877.97126,0.999633922130983
"NLDr103","NLD001",2663459913.95805,2664112485.30669,0.99975505112782
"NLDr104","NLD001",3372575313.57815,3373175801.82427,0.999821981337056
"NLDr105","NLD001",5108285316.21689,5110770765.89741,0.999513683983422
"NLDr106","NLD001",1468372110.20935,1468372110.20936,0.999999999999996
"NLDr107","NLD001",1557700482.32832,1557700482.32833,0.999999999999994
"NLDr108","NLD001",2876215197.12392,2876430612.45342,0.999925110194363
"NLDr109","NLD001",3147577770.66571,3147978809.91028,0.999872604210897
"NLDr109","NLD002",1719055755.50904,3147978809.91028,0.546082378349313
"NLDr110","NLD001",1799053685.80473,1805816494.02645,0.996254985905771
"NLDr110","NLD002",1787269274.14487,1805816494.02645,0.989729177940873
"NLDr111","NLD001",5064868518.27024,5089048950.62091,0.995248536104625
"NLDr112","NLD001",2154224163.09204,2162675178.83032,0.996092332394155
"NPLr101","NPL001",18335173866.6031,28484680410.1451,0.643685433805073
"NPLr102","NPL001",12492227714.4779,27466763612.4595,0.454812510521304
"NPLr102","NPL002",7279377160.78595,27466763612.4595,0.265024932077686
"NPLr103","NPL001",17386710356.4851,29469410883.7816,0.58999178589124
"NPLr104","NPL001",26466440228.2081,42492463316.5243,0.622850222427938
"NPLr105","NPL001",8110126392.26279,19749353199.5287,0.410652759628419
"NPLr105","NPL002",5251302087.67917,19749353199.5287,0.265897421278814
"PAKr101","PAK005",61547317845.0972,205741522671.353,0.29914874278155
"PAKr105","PAK022",837714896.582137,845477465.785547,0.990818715438858
"PAKr107","PAK001",8080720333.62858,13897556792.358,0.581448988074796
"PERr101","PER001",34854893573.953,112991685268.269,0.30847308358309
"PERr102","PER001",377119997775.523,570475715727.983,0.661062315850345
"PERr103","PER002",116102881031.968,250380668595.063,0.463705451716559
"PNGr102","PNG001",9432094027.84421,34804393353.9878,0.271002971720048
"PNGr103","PNG003",29437327706.0976,29437409047.7294,0.999997236793779
"PNGr107","PNG001",6799291934.87847,15925135005.3737,0.426953487840709
"PNGr121","PNG001",4687558893.52795,9783407027.77257,0.479133586103612
"POLr106","POL002",6218808628.21056,17808734439.9115,0.349199919241508
"PRTr101","PRT002",18153004984.3825,18155599168.7539,0.999857113811158
"PRTr102","PRT003",4427668054.59156,4965662774.13666,0.891657016592586
"PRTr103","PRT002",9478790218.27093,34113284181.9223,0.277862142141508
"PRTr103","PRT006",15022654892.8033,34113284181.9223,0.440375509220665
"PRTr104","PRT006",5159626175.64782,7782120717.32827,0.663010297971734
"PRTr105","PRT006",10399829968.4472,23739671591.963,0.438078089166494
"PRYr101","PRY002",272198668236.712,296167306031.313,0.919070615471424
"PRYr102","PRY001",40460873589.2868,42061591224.6706,0.961943483620636
"PRYr103","PRY001",20562402096.7533,25571020026.4113,0.804129130379439
"PRYr104","PRY002",26344674685.3275,32937533032.7182,0.799837518467404
"PRYr105","PRY002",2530632087.84887,2547841854.54706,0.993245355214067
"ROUr101","ROU001",36835168269.4384,36841171060.6966,0.99983706296284
"ROUr102","ROU001",35705795840.6297,35713822272.3999,0.999775256994086
"ROUr103","ROU001",34466526717.7713,34467138583.5015,0.999982247852438
"ROUr104","ROU001",29212586438.9713,29213281762.8143,0.999976198365911
"ROUr105","ROU001",32023438583.0882,32025748430.4161,0.999927875305306
"ROUr106","ROU001",34158330156.8127,34161206808.8651,0.99991579184926
"ROUr107","ROU001",34111120230.7688,34111120230.7696,0.999999999999977
"ROUr108","ROU001",1805113064.66236,1805113064.66241,0.99999999999997
"SGPt","SGP001",697024830.010681,697024830.010601,1.00000000000011
"SURr101","GUY001",64338719.7506858,165447722.950304,0.388876429384352
"SURr101","SUR001",152689757.84585,165447722.950304,0.922888240001428
"SURr102","SUR001",5845141060.72285,5851954475.47872,0.998835702706776
"SURr103","SUR001",12418448188.0113,12782697569.6785,0.971504498195178
"SURr104","SUR001",6915457876.37554,7117228833.88014,0.97165034844122
"SURr105","SUR001",120419406227.991,120508220531.168,0.999263002118975
"SVKr101","SVK001",2011498218.63328,2016997753.64123,0.997273405486931
"SVKr102","SVK001",14933198814.8105,14934011362.6363,0.999945590785623
"SVKr103","SVK001",16405263788.5335,16406484281.2042,0.999925609128091
"SVKr104","SVK001",15736336007.5678,15738214625.5672,0.999880633347298
"SWEr101","SWE001",2689488894.65057,7195045858.98185,0.373797324904216
"TLSr106","IDN007",165449196.865216,368484837.454039,0.448998656249601
"TUNr101","TUN002",1363679510.01788,2517676665.27916,0.541642034032463
"TUNr103","TUN002",12571455003.234,16298198162.0053,0.771340173820003
"TZAr203","TZA005",5561840885.06314,13204985599.7477,0.421192499079243
"TZAr204","TZA001",17975892310.4027,28035080207.6675,0.641192826175199
"TZAr205","TZA002",36406904359.8737,70125767768.2282,0.519165857551845
"TZAr206","TZA001",17609722552.1512,32583807525.4958,0.540443977836909
"TZAr206","TZA010",13405361369.5044,32583807525.4958,0.411411752878023
"TZAr207","TZA001",1625861728.0339,1639179624.11563,0.991875267429026
"TZAr208","TZA010",49065845299.8746,65105319511.7627,0.75363803860927
"TZAr209","TZA007",17591562847.457,17963043980.8458,0.97931970028104
"TZAr210","TZA011",60314365512.7395,63075889929.6327,0.956219017758228
"TZAr211","TZA002",17602662451.3512,57802205742.9743,0.304532711599691
"TZAr211","TZA003",29546125386.1856,57802205742.9743,0.511159133226967
"TZAr212","TZA003",16743581516.8496,59588698275.0739,0.280985858082647
"TZAr217","TZA004",11219205942.0225,40608393450.1032,0.276278005329314
"TZAr220","TZA004",15237380523.6441,21131387414.7798,0.721078092249953
"TZAr221","TZA008",475508565.341681,475508565.341657,1.00000000000005
"TZAr222","TZA008",898750629.596749,898750629.596699,1.00000000000006
"TZAr223","TZA008",246473020.530191,246473020.530209,0.999999999999925
"TZAr224","TZA008",560591589.96813,560591589.968843,0.999999999998729
"TZAr225","TZA008",494099701.229331,494099701.22936,0.99999999999994
"UGAr107","UGA004",15651932204.6314,15726089150.9696,0.995284463567115
"UGAr108","UGA002",8819356709.38232,30276241331.5836,0.291296287831546
"UGAr108","UGA003",20056190031.5623,30276241331.5836,0.662439891791987
"UKRr101","UKR001",66599952537.9981,115064557545.215,0.578805098275614
"UKRr101","UKR002",48464603836.5827,115064557545.215,0.421194891550671
"UKRr102","UKR002",100949922275.013,101147409626.574,0.998047529320916
"UKRr103","UKR002",89922691277.2093,143577442060.914,0.626300970308824
"UKRr104","UKR002",82507167321.7385,109720332596.641,0.751977007079036
"UKRr105","UKR001",130005946267.401,131717039067.699,0.987009328387509
"USAr127","USA001",230176752085.713,380906387823.563,0.604286930972477
"USAr128","USA001",69451903808.666,200205649017.088,0.346902817925673
"USAr135","USA001",96560274424.8533,183139077874.766,0.527251068124755
"USAr142","USA001",137573202871.216,199746892892.297,0.688737636311543
"USAr151","USA001",65800348247.9764,253299578589.342,0.259772829526314
"VNMr103","VNM001",35128583855.534,95121405482.2283,0.369302615719835
"VNMr106","VNM002",39641498454.5362,40276136891.7046,0.984242817555347
"ZAFr105","ZAF008",28909796162.0014,93282885307.7822,0.309915329769389
"ZAFr107","ZAF013",9918110678.25204,18178306559.1062,0.545601464361029
"ZMBr101","ZMB005",43101987835.4453,109069310182.214,0.395179796804785
"ZMBr103","ZMB005",44368154148.1816,50926373146.6624,0.871221557844031
"ZMBr104","ZMB001",19556327984.0038,49885987923.5308,0.392020461015653
"ZMBr105","ZMB004",6685416757.93065,25433451616.5251,0.262859200502179
"ZMBr105","ZMB005",7912141033.43393,25433451616.5251,0.311091909691609
"ZMBr106","ZMB005",49220806691.8939,164500526941.777,0.299213671876657
"ZMBr107","ZMB003",66389149352.5,125127217057.131,0.530573211119911
"ZMBr108","ZMB004",22293346359.2443,67554381800.6863,0.330005926558828
"ZWEr104","ZWE002",17628856211.8762,57338872157.5451,0.307450348228667
"ZWEr105","ZWE001",50934500326.5818,75444114134.8656,0.675128880637794
